-- MySQL dump 10.13  Distrib 5.7.27, for Linux (x86_64)
--
-- Host: 127.0.0.1    Database: pledgr
-- ------------------------------------------------------
-- Server version	5.7.23

/*!40101 SET @OLD_CHARACTER_SET_CLIENT=@@CHARACTER_SET_CLIENT */;
/*!40101 SET @OLD_CHARACTER_SET_RESULTS=@@CHARACTER_SET_RESULTS */;
/*!40101 SET @OLD_COLLATION_CONNECTION=@@COLLATION_CONNECTION */;
/*!40101 SET NAMES utf8 */;
/*!40103 SET @OLD_TIME_ZONE=@@TIME_ZONE */;
/*!40103 SET TIME_ZONE='+00:00' */;
/*!40014 SET @OLD_UNIQUE_CHECKS=@@UNIQUE_CHECKS, UNIQUE_CHECKS=0 */;
/*!40014 SET @OLD_FOREIGN_KEY_CHECKS=@@FOREIGN_KEY_CHECKS, FOREIGN_KEY_CHECKS=0 */;
/*!40101 SET @OLD_SQL_MODE=@@SQL_MODE, SQL_MODE='NO_AUTO_VALUE_ON_ZERO' */;
/*!40111 SET @OLD_SQL_NOTES=@@SQL_NOTES, SQL_NOTES=0 */;

--
-- Table structure for table `card`
--

DROP TABLE IF EXISTS `card`;
/*!40101 SET @saved_cs_client     = @@character_set_client */;
/*!40101 SET character_set_client = utf8 */;
CREATE TABLE `card` (
  `id` int(11) NOT NULL AUTO_INCREMENT,
  PRIMARY KEY (`id`)
) ENGINE=InnoDB DEFAULT CHARSET=utf8mb4 COLLATE=utf8mb4_unicode_ci;
/*!40101 SET character_set_client = @saved_cs_client */;

--
-- Dumping data for table `card`
--

LOCK TABLES `card` WRITE;
/*!40000 ALTER TABLE `card` DISABLE KEYS */;
/*!40000 ALTER TABLE `card` ENABLE KEYS */;
UNLOCK TABLES;

--
-- Table structure for table `creator`
--

DROP TABLE IF EXISTS `creator`;
/*!40101 SET @saved_cs_client     = @@character_set_client */;
/*!40101 SET character_set_client = utf8 */;
CREATE TABLE `creator` (
  `id` int(11) NOT NULL AUTO_INCREMENT,
  `user_id` int(11) NOT NULL,
  `nickname` varchar(64) COLLATE utf8mb4_unicode_ci DEFAULT NULL,
  `speciality` varchar(50) COLLATE utf8mb4_unicode_ci DEFAULT NULL,
  `description` varchar(200) COLLATE utf8mb4_unicode_ci DEFAULT NULL,
  `is_contain_adult_content` tinyint(1) NOT NULL,
  `profile_photo` varchar(255) COLLATE utf8mb4_unicode_ci DEFAULT NULL,
  `cover_photo` varchar(255) COLLATE utf8mb4_unicode_ci DEFAULT NULL,
  `slug` varchar(255) COLLATE utf8mb4_unicode_ci NOT NULL,
  `show_earnings` tinyint(1) NOT NULL,
  `video_url` varchar(255) COLLATE utf8mb4_unicode_ci DEFAULT NULL,
  `facebook_url` varchar(255) COLLATE utf8mb4_unicode_ci DEFAULT NULL,
  `twitter_url` varchar(255) COLLATE utf8mb4_unicode_ci DEFAULT NULL,
  `instagram_url` varchar(255) COLLATE utf8mb4_unicode_ci DEFAULT NULL,
  `youtube_url` varchar(255) COLLATE utf8mb4_unicode_ci DEFAULT NULL,
  `biography` longtext COLLATE utf8mb4_unicode_ci,
  `identifier` varchar(255) COLLATE utf8mb4_unicode_ci NOT NULL,
  `created_at` datetime NOT NULL,
  `updated_at` datetime NOT NULL,
  `is_public` tinyint(1) NOT NULL,
  `made_public_by` varchar(255) COLLATE utf8mb4_unicode_ci DEFAULT NULL,
  `made_public_at` datetime DEFAULT NULL,
  `is_enabled` tinyint(1) NOT NULL DEFAULT '1',
  `is_submitted` tinyint(1) NOT NULL DEFAULT '0',
  `submitted_at` datetime DEFAULT NULL,
  `thank_you_email_message` longtext COLLATE utf8mb4_unicode_ci,
  `pay_pal_email` varchar(255) COLLATE utf8mb4_unicode_ci DEFAULT NULL,
  `is_featured` tinyint(1) NOT NULL DEFAULT '0',
  `is_request_payment_immediately` tinyint(1) NOT NULL DEFAULT '0',
  PRIMARY KEY (`id`),
  UNIQUE KEY `UNIQ_BC06EA63772E836A` (`identifier`),
  UNIQUE KEY `UNIQ_BC06EA63A76ED395` (`user_id`),
  CONSTRAINT `FK_BC06EA63A76ED395` FOREIGN KEY (`user_id`) REFERENCES `users` (`id`) ON DELETE CASCADE
) ENGINE=InnoDB AUTO_INCREMENT=23 DEFAULT CHARSET=utf8mb4 COLLATE=utf8mb4_unicode_ci;
/*!40101 SET character_set_client = @saved_cs_client */;

--
-- Dumping data for table `creator`
--

LOCK TABLES `creator` WRITE;
/*!40000 ALTER TABLE `creator` DISABLE KEYS */;
INSERT INTO `creator` VALUES (1,23,'novica','movies, sports, ...','Description',0,'http://res.cloudinary.com/eton-digital-ltd/image/upload/v1559369844/pledgr-avatar/pliizrxcjkhmqql12pnv.jpg','http://res.cloudinary.com/eton-digital-ltd/image/upload/v1561129599/pledgr-cover/lfoxnrj78butqfc51ho3.jpg','novica',1,'https://www.youtube.com/watch?v=Cx5Z-OslNWE&list=PLUl4u3cNGP63oMNUHXqIUcrkS2PivhN3k','fb','tw','instagram','youtube','{\"blocks\":[{\"key\":\"chps7\",\"text\":\"\",\"type\":\"unstyled\",\"depth\":0,\"inlineStyleRanges\":[],\"entityRanges\":[],\"data\":{}},{\"key\":\"am5ld\",\"text\":\" \",\"type\":\"atomic\",\"depth\":0,\"inlineStyleRanges\":[],\"entityRanges\":[{\"offset\":0,\"length\":1,\"key\":0}],\"data\":{}},{\"key\":\"1rfeh\",\"text\":\"\",\"type\":\"unstyled\",\"depth\":0,\"inlineStyleRanges\":[],\"entityRanges\":[],\"data\":{}}],\"entityMap\":{\"0\":{\"type\":\"image\",\"mutability\":\"IMMUTABLE\",\"data\":{}}}}','b86dfb91-6420-40ff-80e5-564d410d1e60','2019-05-28 02:19:00','2019-06-25 09:49:00',1,'novica.stevic+1@etondigital.com','2019-06-11 16:32:23',1,0,'2019-06-25 09:49:36',NULL,NULL,0,0),(2,43,'KitWiller','Gaming videos','I showcase my gaming skills',0,NULL,'http://res.cloudinary.com/eton-digital-ltd/image/upload/v1560170328/pledgr-cover/ewpztxsyjqqbmhofoaio.jpg','kitwiller',0,NULL,NULL,NULL,NULL,NULL,'{\"blocks\":[{\"key\":\"5h1l3\",\"text\":\"fdffd]\",\"type\":\"unstyled\",\"depth\":0,\"inlineStyleRanges\":[],\"entityRanges\":[],\"data\":{}},{\"key\":\"3msbk\",\"text\":\"\",\"type\":\"unstyled\",\"depth\":0,\"inlineStyleRanges\":[],\"entityRanges\":[],\"data\":{}},{\"key\":\"4heio\",\"text\":\"\",\"type\":\"unstyled\",\"depth\":0,\"inlineStyleRanges\":[],\"entityRanges\":[],\"data\":{}},{\"key\":\"a49n1\",\"text\":\"hgfhdghdgfhdgf\",\"type\":\"unstyled\",\"depth\":0,\"inlineStyleRanges\":[],\"entityRanges\":[],\"data\":{}},{\"key\":\"7fhud\",\"text\":\"\",\"type\":\"unstyled\",\"depth\":0,\"inlineStyleRanges\":[],\"entityRanges\":[],\"data\":{}},{\"key\":\"ckodp\",\"text\":\"\",\"type\":\"unstyled\",\"depth\":0,\"inlineStyleRanges\":[],\"entityRanges\":[],\"data\":{}}],\"entityMap\":{}}','c28de727-16de-4be4-a978-b12cb01c12e7','2019-05-28 09:23:00','2019-06-19 15:24:50',0,NULL,NULL,1,1,'2019-06-19 15:24:50',NULL,'hello@etondigital.com',0,0),(3,79,'Kramer','Business videos','I am the man with a plan',1,'http://res.cloudinary.com/eton-digital-ltd/image/upload/v1559029723/pledgr-avatar/g7ptyiv4jmolyyrqsamu.jpg',NULL,'kramer',1,'https://www.youtube.com/watch?v=ST_gvwzBnwA',NULL,NULL,NULL,NULL,'{\"blocks\":[{\"key\":\"b4mdf\",\"text\":\"\",\"type\":\"unstyled\",\"depth\":0,\"inlineStyleRanges\":[],\"entityRanges\":[],\"data\":{}}],\"entityMap\":{}}','13e5f6dc-c77e-4893-8623-3641cf7e4dfb','2019-05-28 09:47:45','2019-05-28 11:32:46',0,NULL,NULL,1,0,NULL,NULL,NULL,0,0),(4,80,'Costanza','Lectures on marine biology','I am a funny guy from NY',1,'http://res.cloudinary.com/eton-digital-ltd/image/upload/v1559038449/pledgr-avatar/acyjhyc6xsxfqzzdsdnj.jpg',NULL,'george-costanza',1,'https://www.youtube.com/watch?v=BGkq3MeHrcY',NULL,NULL,NULL,NULL,'{\"blocks\":[{\"key\":\"ddlu0\",\"text\":\"Hi all,\",\"type\":\"unstyled\",\"depth\":0,\"inlineStyleRanges\":[],\"entityRanges\":[],\"data\":{}},{\"key\":\"45hdl\",\"text\":\"\",\"type\":\"unstyled\",\"depth\":0,\"inlineStyleRanges\":[],\"entityRanges\":[],\"data\":{}},{\"key\":\"75pha\",\"text\":\"I am very keen to become a marine biologist\",\"type\":\"unstyled\",\"depth\":0,\"inlineStyleRanges\":[{\"offset\":0,\"length\":43,\"style\":\"BOLD\"}],\"entityRanges\":[],\"data\":{}}],\"entityMap\":{}}','1db31537-345b-4f07-9559-6ab36be2428c','2019-05-28 12:11:30','2019-05-28 12:14:48',0,NULL,NULL,1,0,NULL,NULL,NULL,0,0),(5,29,'Felly','Animation all of kinds','As new technologies occupy the traditional way of life, fashion also finds a new platform where it can be presented in full light. Today this is an instagram. See my Instagram as a social network',0,'http://res.cloudinary.com/eton-digital-ltd/image/upload/v1563444009/pledgr-avatar/ppy9ezuhtobqaafizlnj.png','http://res.cloudinary.com/eton-digital-ltd/image/upload/v1563443995/pledgr-cover/mtgzqoce7ujbzrrbdtkx.jpg','felly',1,NULL,NULL,NULL,NULL,'https://www.youtube.com/watch?v=Nmmsl2X_--U','{\"blocks\":[{\"key\":\"2v713\",\"text\":\"As new technologies occupy the traditional way of life, fashion also finds a new platform where it can be presented in full light. Today this is an instagram. Instagram as a social network is a platform primarily intended for images and where the dominant role is taken by photographs, in addition to short video clips. Instagram provides opportunities for young girls and women, and more and more men in the new age to express themselves through the world of fashion. It gives us the opportunity to present ourselves in the best light, and in most cases, various pieces of fashion and details are always visible to the people.\",\"type\":\"unstyled\",\"depth\":0,\"inlineStyleRanges\":[],\"entityRanges\":[],\"data\":{}}],\"entityMap\":{}}','281d44ac-a2c9-454c-a2fe-9cfa0e34794e','2019-05-30 13:41:07','2019-07-22 09:19:42',0,NULL,NULL,1,0,NULL,NULL,NULL,0,0),(6,78,'Lorenas Blog','Blog and Vlog about makeup','You can find in my blog numerous of makeup asvices!',0,'http://res.cloudinary.com/eton-digital-ltd/image/upload/v1559216591/pledgr-avatar/mnsie4s4cxamq7la28oo.jpg','http://res.cloudinary.com/eton-digital-ltd/image/upload/v1559216605/pledgr-cover/iistpvebhufpmcyapv5p.jpg','lorenas-blog-lorena-trinidad',1,NULL,NULL,NULL,NULL,NULL,'{\"blocks\":[{\"key\":\"6i0p2\",\"text\":\"You know that one beauty product that always has your back? \",\"type\":\"header-four\",\"depth\":0,\"inlineStyleRanges\":[{\"offset\":0,\"length\":60,\"style\":\"ITALIC\"},{\"offset\":0,\"length\":60,\"style\":\"UNDERLINE\"},{\"offset\":0,\"length\":60,\"style\":\"BOLD\"}],\"entityRanges\":[],\"data\":{}},{\"key\":\"1lhmm\",\"text\":\"\",\"type\":\"unstyled\",\"depth\":0,\"inlineStyleRanges\":[],\"entityRanges\":[],\"data\":{}},{\"key\":\"5qaqm\",\"text\":\"Maybe it\'s a  trusty gloss for impromptu photoshoots or a setting powder that can  withstand unexpected heat waves. Everyone (everyone) has a makeup item  they can\'t live without. ELLE.com editors picked favorites and rounded  up the beauty products that have stood the test of time. You\'ve read  about them, coveted them, and now it\'s time to try\",\"type\":\"unstyled\",\"depth\":0,\"inlineStyleRanges\":[],\"entityRanges\":[],\"data\":{}}],\"entityMap\":{}}','9ad1de30-1795-4086-985c-bbdf17ba805b','2019-05-30 13:41:13','2019-07-22 16:21:20',0,NULL,NULL,1,1,'2019-07-18 12:29:11',NULL,'novica.stevic@etondigital.com',0,0),(7,82,'sixty','Creating 60','Description 60',1,'http://res.cloudinary.com/eton-digital-ltd/image/upload/v1560414150/pledgr-avatar/z9gu4kdujsmnejkropdk.jpg','http://res.cloudinary.com/eton-digital-ltd/image/upload/v1560414155/pledgr-cover/sovadjioyirwlh3f9n68.jpg','sixty',0,'https://www.youtube.com/watch?v=KRiSMXFpWIg','fb','tw','instagram','youtube','{\"blocks\":[{\"key\":\"9glt6\",\"text\":\"\",\"type\":\"unstyled\",\"depth\":0,\"inlineStyleRanges\":[],\"entityRanges\":[],\"data\":{}}],\"entityMap\":{}}','075372fb-4924-472b-99a9-5c15b393af60','2019-06-13 10:22:15','2019-07-16 17:54:31',1,'novica.stevic+1@etondigital.com','2019-06-13 10:24:59',1,1,'2019-06-13 10:22:55',NULL,'',0,0),(8,83,'sixtyone','Creating 61','Description 61',0,NULL,NULL,'sixtyone',0,NULL,NULL,NULL,NULL,NULL,NULL,'e31b6e6f-1dea-413e-9a19-6aeb8708dfa3','2019-06-13 10:32:09','2019-06-13 10:32:09',0,NULL,NULL,1,0,NULL,NULL,NULL,0,0),(9,84,'sixtyone','Creating 60','Description 60',1,NULL,NULL,'sixtyone-1',0,NULL,NULL,NULL,NULL,NULL,NULL,'7e3a0db6-b2b4-41c0-ab6f-be436eed522c','2019-06-13 10:39:06','2019-06-13 10:39:06',0,NULL,NULL,1,0,NULL,NULL,NULL,0,0),(10,59,'novica-one','creating One','Descr',0,'http://res.cloudinary.com/eton-digital-ltd/image/upload/v1560838403/pledgr-avatar/ib5axobuaexe0hrzpnk3.jpg','http://res.cloudinary.com/eton-digital-ltd/image/upload/v1560838410/pledgr-cover/iibiw1mb58ii4j0rqi37.jpg','novica-one',0,'https://vimeo.com/63641146',NULL,NULL,NULL,NULL,'{\"blocks\":[{\"key\":\"390oj\",\"text\":\"This is some text\",\"type\":\"unstyled\",\"depth\":0,\"inlineStyleRanges\":[{\"offset\":0,\"length\":17,\"style\":\"BOLD\"}],\"entityRanges\":[],\"data\":{}},{\"key\":\"3v38s\",\"text\":\"\",\"type\":\"unstyled\",\"depth\":0,\"inlineStyleRanges\":[],\"entityRanges\":[],\"data\":{}},{\"key\":\"abc2a\",\"text\":\"1\",\"type\":\"unstyled\",\"depth\":0,\"inlineStyleRanges\":[{\"offset\":0,\"length\":1,\"style\":\"BOLD\"}],\"entityRanges\":[],\"data\":{}},{\"key\":\"alrtu\",\"text\":\"2\",\"type\":\"unstyled\",\"depth\":0,\"inlineStyleRanges\":[{\"offset\":0,\"length\":1,\"style\":\"BOLD\"}],\"entityRanges\":[],\"data\":{}},{\"key\":\"csdjj\",\"text\":\"3\",\"type\":\"unstyled\",\"depth\":0,\"inlineStyleRanges\":[{\"offset\":0,\"length\":1,\"style\":\"BOLD\"}],\"entityRanges\":[],\"data\":{}},{\"key\":\"f683r\",\"text\":\"4\",\"type\":\"unstyled\",\"depth\":0,\"inlineStyleRanges\":[{\"offset\":0,\"length\":1,\"style\":\"BOLD\"}],\"entityRanges\":[],\"data\":{}},{\"key\":\"8bv1j\",\"text\":\"\",\"type\":\"unstyled\",\"depth\":0,\"inlineStyleRanges\":[],\"entityRanges\":[],\"data\":{}},{\"key\":\"3c28q\",\"text\":\"\",\"type\":\"unstyled\",\"depth\":0,\"inlineStyleRanges\":[],\"entityRanges\":[],\"data\":{}},{\"key\":\"edakq\",\"text\":\" \",\"type\":\"atomic\",\"depth\":0,\"inlineStyleRanges\":[],\"entityRanges\":[{\"offset\":0,\"length\":1,\"key\":0}],\"data\":{}},{\"key\":\"3omv3\",\"text\":\"\",\"type\":\"unstyled\",\"depth\":0,\"inlineStyleRanges\":[],\"entityRanges\":[],\"data\":{}},{\"key\":\"aojgr\",\"text\":\"5\",\"type\":\"unstyled\",\"depth\":0,\"inlineStyleRanges\":[{\"offset\":0,\"length\":1,\"style\":\"BOLD\"}],\"entityRanges\":[],\"data\":{}},{\"key\":\"dthr1\",\"text\":\"6\",\"type\":\"unstyled\",\"depth\":0,\"inlineStyleRanges\":[{\"offset\":0,\"length\":1,\"style\":\"BOLD\"}],\"entityRanges\":[],\"data\":{}},{\"key\":\"41e4o\",\"text\":\"7\",\"type\":\"unstyled\",\"depth\":0,\"inlineStyleRanges\":[{\"offset\":0,\"length\":1,\"style\":\"BOLD\"}],\"entityRanges\":[],\"data\":{}},{\"key\":\"fd742\",\"text\":\"8\",\"type\":\"unstyled\",\"depth\":0,\"inlineStyleRanges\":[{\"offset\":0,\"length\":1,\"style\":\"BOLD\"}],\"entityRanges\":[],\"data\":{}},{\"key\":\"cb9mo\",\"text\":\"9\",\"type\":\"unstyled\",\"depth\":0,\"inlineStyleRanges\":[{\"offset\":0,\"length\":1,\"style\":\"BOLD\"}],\"entityRanges\":[],\"data\":{}},{\"key\":\"198rs\",\"text\":\"\",\"type\":\"unstyled\",\"depth\":0,\"inlineStyleRanges\":[],\"entityRanges\":[],\"data\":{}},{\"key\":\"27n36\",\"text\":\"\",\"type\":\"unstyled\",\"depth\":0,\"inlineStyleRanges\":[],\"entityRanges\":[],\"data\":{}}],\"entityMap\":{\"0\":{\"type\":\"image\",\"mutability\":\"IMMUTABLE\",\"data\":{\"src\":\"http://res.cloudinary.com/eton-digital-ltd/image/upload/v1560852248/post-images/ety85niucphjijvk7mkq.png\"}}}}','94ff4265-7382-44d4-b109-d0d992a1dc86','2019-06-18 08:12:13','2019-06-18 14:41:12',0,NULL,NULL,1,0,NULL,NULL,'novica.stevic+1@etondigital.com',0,0),(11,85,'zagor','tutorial videos','I am the man with a plan',1,'http://res.cloudinary.com/eton-digital-ltd/image/upload/v1560839376/pledgr-avatar/hsotcwnr4q0mnckv88yf.jpg','http://res.cloudinary.com/eton-digital-ltd/image/upload/v1560839431/pledgr-cover/nj2xjbuz5owhybrtlrdb.jpg','zagor',0,'https://www.youtube.com/watch?v=pD-1izcc9TI',NULL,NULL,NULL,NULL,'{\"blocks\":[{\"key\":\"4fkbj\",\"text\":\"I am only testing\",\"type\":\"unstyled\",\"depth\":0,\"inlineStyleRanges\":[{\"offset\":10,\"length\":7,\"style\":\"BOLD\"}],\"entityRanges\":[],\"data\":{}}],\"entityMap\":{}}','dc31e699-10c5-49e9-8978-e545f48b74c7','2019-06-18 08:29:03','2019-06-20 04:50:27',0,NULL,NULL,1,0,NULL,NULL,'nikola.jovanovic@etondigital.com',0,0),(12,73,'sandra','music','all about that',0,NULL,NULL,'pledg',0,NULL,'https://www.facebook.com/',NULL,NULL,NULL,'{\"blocks\":[{\"key\":\"37bt4\",\"text\":\"\",\"type\":\"unstyled\",\"depth\":0,\"inlineStyleRanges\":[],\"entityRanges\":[],\"data\":{}}],\"entityMap\":{}}','598aa9d2-bef5-4c9d-8528-41b5a1f40e17','2019-06-18 09:43:00','2019-07-17 10:53:24',0,NULL,NULL,1,1,'2019-06-18 09:44:13',NULL,NULL,0,0),(13,30,'Pera Perica Digital Artist','gaming','world of games',1,'http://res.cloudinary.com/eton-digital-ltd/image/upload/v1560865295/pledgr-avatar/dlkmf1ggpshntq2lnczd.jpg','http://res.cloudinary.com/eton-digital-ltd/image/upload/v1560865358/pledgr-cover/marazz7vuml3kxuy1yrh.jpg','pera-perica-digital-artist',1,NULL,NULL,NULL,NULL,NULL,'{\"blocks\":[{\"key\":\"c09r9\",\"text\":\"The primary function of a refrigerator is to ensure food does not go  bad, but very often the appliance is too unhygienic to follow through on  this promise. \",\"type\":\"unstyled\",\"depth\":0,\"inlineStyleRanges\":[],\"entityRanges\":[],\"data\":{}},{\"key\":\"57k6r\",\"text\":\"\",\"type\":\"unstyled\",\"depth\":0,\"inlineStyleRanges\":[],\"entityRanges\":[],\"data\":{}},{\"key\":\"abgb5\",\"text\":\"Stains left on the shelves by milk cartons, sauces and  jam containers slowly develop into a breeding ground for fungi. \",\"type\":\"unstyled\",\"depth\":0,\"inlineStyleRanges\":[],\"entityRanges\":[],\"data\":{}},{\"key\":\"4mslv\",\"text\":\"\",\"type\":\"unstyled\",\"depth\":0,\"inlineStyleRanges\":[],\"entityRanges\":[],\"data\":{}},{\"key\":\"5d6j7\",\"text\":\"Which is  why, knowing some refrigerator cleaning hacks is extremely important.\",\"type\":\"unstyled\",\"depth\":0,\"inlineStyleRanges\":[],\"entityRanges\":[],\"data\":{}},{\"key\":\"1i1bn\",\"text\":\"1\",\"type\":\"unstyled\",\"depth\":0,\"inlineStyleRanges\":[],\"entityRanges\":[],\"data\":{}},{\"key\":\"ag915\",\"text\":\"\",\"type\":\"unstyled\",\"depth\":0,\"inlineStyleRanges\":[],\"entityRanges\":[],\"data\":{}},{\"key\":\"afvsg\",\"text\":\"1\",\"type\":\"unstyled\",\"depth\":0,\"inlineStyleRanges\":[],\"entityRanges\":[],\"data\":{}},{\"key\":\"23d1r\",\"text\":\"\",\"type\":\"unstyled\",\"depth\":0,\"inlineStyleRanges\":[],\"entityRanges\":[],\"data\":{}},{\"key\":\"1tl39\",\"text\":\"1\",\"type\":\"unstyled\",\"depth\":0,\"inlineStyleRanges\":[],\"entityRanges\":[],\"data\":{}},{\"key\":\"4n61b\",\"text\":\"The primary function of a refrigerator is to ensure food does not go  bad, but very often the appliance is too unhygienic to follow through on  this promise. Stains left on the shelves by milk cartons, sauces and  jam containers slowly develop into a breeding ground for fungi. Which is  why, knowing some refrigerator cleaning hacks is extremely important.\",\"type\":\"unstyled\",\"depth\":0,\"inlineStyleRanges\":[],\"entityRanges\":[],\"data\":{}},{\"key\":\"c9004\",\"text\":\" \",\"type\":\"atomic\",\"depth\":0,\"inlineStyleRanges\":[],\"entityRanges\":[{\"offset\":0,\"length\":1,\"key\":0}],\"data\":{}},{\"key\":\"289rj\",\"text\":\"dreams\",\"type\":\"unstyled\",\"depth\":0,\"inlineStyleRanges\":[],\"entityRanges\":[],\"data\":{}}],\"entityMap\":{\"0\":{\"type\":\"image\",\"mutability\":\"IMMUTABLE\",\"data\":{\"src\":\"http://res.cloudinary.com/eton-digital-ltd/image/upload/v1560865992/post-images/oghi2lsuxx7nrsa93yqo.jpg\"}}}}','a769b404-d6b2-4009-9f38-e8c58ab77d33','2019-06-18 15:37:00','2019-07-22 09:24:47',0,NULL,NULL,1,1,'2019-06-18 15:38:10',NULL,NULL,0,0),(14,86,'Anu Marketing Specialist','Marketing','Marketing tips and recommendation',0,'http://res.cloudinary.com/eton-digital-ltd/image/upload/v1560868133/pledgr-avatar/kdhwtnok5j6x6wal9ii6.jpg','http://res.cloudinary.com/eton-digital-ltd/image/upload/v1563443093/pledgr-cover/de4umd19ihnyyq9twsum.jpg','anu-marketing-specialist',0,'https://www.youtube.com/watch?v=a_N0zQedIX8',NULL,NULL,NULL,NULL,'{\"blocks\":[{\"key\":\"2jrl\",\"text\":\"Working in many diverse industries, marketing specialists are either brought in on a project basis or work in-house full time. As the name implies, these individuals specialize in marketing, driving awareness or action for a company, product, cause, or service. They’re experts at figuring out what motivates people to buy or take action. The marketing specialist must analyze market data (qualitative or quantitative) to both understand the market and discovery any gaps that create potentially lucrative opportunities.\",\"type\":\"unstyled\",\"depth\":0,\"inlineStyleRanges\":[{\"offset\":127,\"length\":27,\"style\":\"BOLD\"},{\"offset\":378,\"length\":27,\"style\":\"BOLD\"}],\"entityRanges\":[],\"data\":{}}],\"entityMap\":{}}','f18bfd24-59bc-4ac6-988e-7b0a6a6c2994','2019-06-18 16:28:00','2019-07-18 11:44:54',0,NULL,NULL,1,1,'2019-06-18 16:29:55',NULL,NULL,0,0),(15,87,'groucho','Comedy videos','Some description about myself',1,'http://res.cloudinary.com/eton-digital-ltd/image/upload/v1561011021/pledgr-avatar/gos8vqs5gfhgrvd76f3s.jpg','http://res.cloudinary.com/eton-digital-ltd/image/upload/v1561011016/pledgr-cover/gm2bvvwu3q71ipp2meoh.jpg','groucho',1,'https://www.youtube.com/watch?v=tOmKGjy-Ct0','https://www.facebook.com/','https://www.facebook.com/','https://www.facebook.com/','https://www.facebook.com/','{\"blocks\":[{\"key\":\"e4up1\",\"text\":\"Hello\",\"type\":\"unstyled\",\"depth\":0,\"inlineStyleRanges\":[{\"offset\":0,\"length\":5,\"style\":\"UNDERLINE\"}],\"entityRanges\":[],\"data\":{}},{\"key\":\"fef5n\",\"text\":\"\",\"type\":\"unstyled\",\"depth\":0,\"inlineStyleRanges\":[],\"entityRanges\":[],\"data\":{}},{\"key\":\"bv2r1\",\"text\":\"My name is Groucho and I am funy.\",\"type\":\"unstyled\",\"depth\":0,\"inlineStyleRanges\":[{\"offset\":0,\"length\":33,\"style\":\"BOLD\"}],\"entityRanges\":[],\"data\":{}},{\"key\":\"c413t\",\"text\":\"\",\"type\":\"unstyled\",\"depth\":0,\"inlineStyleRanges\":[],\"entityRanges\":[],\"data\":{}},{\"key\":\"29ar0\",\"text\":\"\",\"type\":\"unstyled\",\"depth\":0,\"inlineStyleRanges\":[],\"entityRanges\":[],\"data\":{}},{\"key\":\"crn5t\",\"text\":\" \",\"type\":\"atomic\",\"depth\":0,\"inlineStyleRanges\":[],\"entityRanges\":[{\"offset\":0,\"length\":1,\"key\":0}],\"data\":{}},{\"key\":\"eb5ii\",\"text\":\"\",\"type\":\"unstyled\",\"depth\":0,\"inlineStyleRanges\":[],\"entityRanges\":[],\"data\":{}}],\"entityMap\":{\"0\":{\"type\":\"image\",\"mutability\":\"IMMUTABLE\",\"data\":{\"src\":\"http://res.cloudinary.com/eton-digital-ltd/image/upload/v1561011066/post-images/sambvurwuuck0qesgyai.jpg\"}}}}','47a5c52a-9ac2-4e63-b019-3780725760f5','2019-06-20 08:09:28','2019-07-17 12:55:12',1,'nikola.jovanovic@etondigital.com','2019-06-20 08:15:03',1,1,'2019-06-20 08:12:20',NULL,'nikola.jovanovic+groucho@etondigital.com',0,0),(16,54,'DusanCreator','Gaming','My Gaming channel',0,'http://res.cloudinary.com/eton-digital-ltd/image/upload/v1561371253/pledgr-avatar/rwvknmug3ixov1z9ikzi.jpg','http://res.cloudinary.com/eton-digital-ltd/image/upload/v1561371270/pledgr-cover/cg9f4hybk5nu1eegnmar.jpg','dusancreator',1,NULL,'https://www.facebook.com/dusanstojanovic',NULL,NULL,NULL,'{\"blocks\":[{\"key\":\"62n7d\",\"text\":\"Lorem ipsum dolor sit amet, consectetur adipiscing elit, sed do eiusmod tempor incididunt ut labore et dolore magna aliqua. Quam adipiscing vitae proin sagittis nisl rhoncus mattis. At consectetur lorem donec massa sapien faucibus. Risus nullam eget felis eget nunc lobortis. Volutpat ac tincidunt vitae semper quis lectus. Tincidunt eget nullam non nisi est. Malesuada proin libero nunc consequat interdum varius. Sed id semper risus in hendrerit gravida rutrum quisque non. Bibendum est ultricies integer quis auctor elit sed vulputate mi. Tincidunt ornare massa eget egestas purus viverra. Netus et malesuada fames ac turpis egestas. Malesuada nunc vel risus commodo viverra maecenas accumsan. Interdum posuere lorem ipsum dolor sit amet consectetur adipiscing elit. Accumsan tortor posuere ac ut consequat. Arcu non sodales neque sodales ut etiam sit amet.\",\"type\":\"unstyled\",\"depth\":0,\"inlineStyleRanges\":[],\"entityRanges\":[],\"data\":{}}],\"entityMap\":{}}','59484439-4428-4c41-aa2f-4265a248f80a','2019-06-24 12:13:42','2019-06-24 14:39:20',0,NULL,NULL,1,0,NULL,NULL,NULL,0,0),(17,89,'lanmi','games','creating 3d games',1,'http://res.cloudinary.com/eton-digital-ltd/image/upload/v1562322984/pledgr-avatar/nfsrs2ugjwfjiyarjr6v.jpg','http://res.cloudinary.com/eton-digital-ltd/image/upload/v1562318661/pledgr-cover/wu8eimrsu9vktiaemy1e.jpg','lanmi',1,'https://www.youtube.com/watch?v=yi87Dap_WOc',NULL,NULL,NULL,NULL,'{\"blocks\":[{\"key\":\"f7ood\",\"text\":\"about what? what is it about?\",\"type\":\"unstyled\",\"depth\":0,\"inlineStyleRanges\":[{\"offset\":6,\"length\":4,\"style\":\"UNDERLINE\"},{\"offset\":12,\"length\":4,\"style\":\"BOLD\"},{\"offset\":23,\"length\":6,\"style\":\"ITALIC\"}],\"entityRanges\":[],\"data\":{}},{\"key\":\"7kuq8\",\"text\":\"\",\"type\":\"unstyled\",\"depth\":0,\"inlineStyleRanges\":[],\"entityRanges\":[],\"data\":{}}],\"entityMap\":{}}','fdf301a6-a53e-4ee1-bd0d-153fcd2e2c67','2019-07-05 11:21:00','2019-07-22 10:41:15',1,'milan.kitanovic+gost@etondigital.com','2019-07-08 15:25:52',1,1,'2019-07-05 13:48:10',NULL,'milan.kitanovic+gost@etondigital.com',1,0),(18,96,'Nightman','Videos','Something awesome',1,'http://res.cloudinary.com/eton-digital-ltd/image/upload/v1563270018/pledgr-avatar/o5ldzzo1ppgh249lhozg.jpg','http://res.cloudinary.com/eton-digital-ltd/image/upload/v1563270054/pledgr-cover/dvxhsybnaoiuwwikjlk4.jpg','nightman',1,NULL,NULL,NULL,NULL,NULL,'{\"blocks\":[{\"key\":\"du03s\",\"text\":\"Lorem ipsum dolor sit amet, consectetur adipiscing elit, sed do eiusmod tempor incididunt ut labore et dolore magna aliqua. Ut enim ad minim veniam, quis nostrud exercitation ullamco laboris nisi ut aliquip ex ea commodo consequat. Duis aute irure dolor in reprehenderit in voluptate velit esse cillum dolore eu fugiat nulla pariatur. Excepteur sint occaecat cupidatat non proident, sunt in culpa qui officia deserunt mollit anim id est laborum.\",\"type\":\"unstyled\",\"depth\":0,\"inlineStyleRanges\":[],\"entityRanges\":[],\"data\":{}}],\"entityMap\":{}}','6e0ecf4b-f03e-4c08-a4db-adf385f66bda','2019-07-16 11:40:00','2019-07-16 11:44:17',1,'nikola.jovanovic@etondigital.com','2019-07-16 11:44:17',1,1,'2019-07-16 11:43:38',NULL,NULL,0,0),(19,97,'Kyra','Provide at least some of the answers','A friend can be anyone you like and spend time with',0,'http://res.cloudinary.com/eton-digital-ltd/image/upload/v1563369775/pledgr-avatar/k7sh9tbluft2sm3ib0sp.jpg','http://res.cloudinary.com/eton-digital-ltd/image/upload/v1563369926/pledgr-cover/udvnfc8qrmnrxrj1qbp0.jpg','kyra',0,'https://www.youtube.com/watch?v=5jozMjlsxmI',NULL,NULL,NULL,NULL,'{\"blocks\":[{\"key\":\"alkb3\",\"text\":\"In a sense, astrology does work. As practiced today, it can work quite  well. After all, most of those who visit an astrologer end up feeling  satisfied and feeling that they have benefited. What this really means  is not that astrology has accurately predicted the person\'s future, but  rather it means that visiting an astrologer or having a horoscope cast can be a fulfilling and personally satisfying experience.\",\"type\":\"unstyled\",\"depth\":0,\"inlineStyleRanges\":[],\"entityRanges\":[{\"offset\":344,\"length\":9,\"key\":0}],\"data\":{}}],\"entityMap\":{\"0\":{\"type\":\"LINK\",\"mutability\":\"MUTABLE\",\"data\":{\"href\":\"https://www.learnreligions.com/numerology-birth-path-4051814\",\"url\":\"https://www.learnreligions.com/numerology-birth-path-4051814\"}}}}','cca4bbad-c1b2-4929-9582-e740a43bff64','2019-07-17 15:22:24','2019-07-22 11:40:15',0,NULL,NULL,1,1,'2019-07-17 15:24:36',NULL,NULL,0,0),(20,90,'call me ishmael','stories','story telling',1,'http://res.cloudinary.com/eton-digital-ltd/image/upload/v1563455446/pledgr-avatar/bbqgv6h730rqrpfpzcio.jpg','http://res.cloudinary.com/eton-digital-ltd/image/upload/v1563455457/pledgr-cover/lhokcgiox18xet6zlfxt.jpg','call-me-ishmael',1,'https://www.youtube.com/watch?v=P9Hovb16TdA',NULL,NULL,NULL,NULL,'{\"blocks\":[{\"key\":\"b03k6\",\"text\":\"get gg e te tgeetgetgteeeeeeeeeeeeeeeeeeeeeeeeeeeeeeeeeeeeeeeeeeeeeeeeeeeeeeeee ggggggggggggggggggggggggggggggggggggggggggggggg  gggggggggggggggggggggggggggggggggggggggggggggggggggggggggggg ggggggggggggggggggggggggg eeeggggggggggggggggggggggggg\",\"type\":\"unstyled\",\"depth\":0,\"inlineStyleRanges\":[{\"offset\":26,\"length\":50,\"style\":\"ITALIC\"},{\"offset\":137,\"length\":52,\"style\":\"UNDERLINE\"},{\"offset\":215,\"length\":29,\"style\":\"BOLD\"}],\"entityRanges\":[],\"data\":{}}],\"entityMap\":{}}','27ddfb4a-1c47-4cff-b5b8-5960db729542','2019-07-18 15:02:00','2019-07-22 15:50:48',1,'milan.kitanovic+gost@etondigital.com','2019-07-19 09:13:28',1,1,'2019-07-18 15:51:09',NULL,'milan.kitanovic+gost1@etondigital.com',1,0),(21,101,'Thousand','Creating  1000','Description 1000++',1,'http://res.cloudinary.com/eton-digital-ltd/image/upload/v1563540894/pledgr-avatar/lcxapt6bbrb6yi1kgipy.jpg','http://res.cloudinary.com/eton-digital-ltd/image/upload/v1563540904/pledgr-cover/mkteynw24b99zceupys0.jpg','thousand',1,'https://www.youtube.com/watch?v=CYURBrw33RU',NULL,NULL,NULL,NULL,'{\"blocks\":[{\"key\":\"6lqu1\",\"text\":\"\",\"type\":\"unstyled\",\"depth\":0,\"inlineStyleRanges\":[],\"entityRanges\":[],\"data\":{}}],\"entityMap\":{}}','257698bd-4eef-4e15-be3d-7fdb1e2b3a5e','2019-07-19 14:50:54','2019-07-19 14:57:31',1,'novica.stevic+1@etondigital.com','2019-07-19 14:57:04',1,1,'2019-07-19 14:55:20',NULL,NULL,0,0),(22,102,'Life Coach - Francisco','Today, my life coaching business is 100% online.','I know how to ‘package’ life coaching services that send the perfect message to prospects, resulting in solid inquiries and leads.',0,'http://res.cloudinary.com/eton-digital-ltd/image/upload/v1563794246/pledgr-avatar/xojbyu6pl5dmhrz4cxyj.jpg','http://res.cloudinary.com/eton-digital-ltd/image/upload/v1563800888/pledgr-cover/e4udxxobrnqbadiogg36.jpg','life-coach-francisco',1,NULL,NULL,NULL,NULL,NULL,'{\"blocks\":[{\"key\":\"ajb8h\",\"text\":\"\",\"type\":\"unstyled\",\"depth\":0,\"inlineStyleRanges\":[],\"entityRanges\":[],\"data\":{}}],\"entityMap\":{}}','bd52a63c-333d-44a7-8867-2faab058dae7','2019-07-22 13:16:32','2019-07-22 15:41:52',0,NULL,NULL,1,1,'2019-07-22 13:17:33',NULL,NULL,0,0);
/*!40000 ALTER TABLE `creator` ENABLE KEYS */;
UNLOCK TABLES;

--
-- Table structure for table `creator_applications`
--

DROP TABLE IF EXISTS `creator_applications`;
/*!40101 SET @saved_cs_client     = @@character_set_client */;
/*!40101 SET character_set_client = utf8 */;
CREATE TABLE `creator_applications` (
  `id` int(11) NOT NULL AUTO_INCREMENT,
  `user_id` int(11) DEFAULT NULL,
  `nickname` varchar(64) COLLATE utf8mb4_unicode_ci DEFAULT NULL,
  `speciality` varchar(50) COLLATE utf8mb4_unicode_ci DEFAULT NULL,
  `description` varchar(200) COLLATE utf8mb4_unicode_ci DEFAULT NULL,
  `is_contain_adult_content` tinyint(1) DEFAULT NULL,
  `status` int(11) NOT NULL,
  `created_at` datetime NOT NULL,
  `updated_at` datetime NOT NULL,
  `verification_token` varchar(255) COLLATE utf8mb4_unicode_ci DEFAULT NULL,
  `verified_at` datetime DEFAULT NULL,
  PRIMARY KEY (`id`),
  UNIQUE KEY `UNIQ_C076F8B4A76ED395` (`user_id`),
  CONSTRAINT `FK_C076F8B4A76ED395` FOREIGN KEY (`user_id`) REFERENCES `users` (`id`) ON DELETE CASCADE
) ENGINE=InnoDB AUTO_INCREMENT=36 DEFAULT CHARSET=utf8mb4 COLLATE=utf8mb4_unicode_ci;
/*!40101 SET character_set_client = @saved_cs_client */;

--
-- Dumping data for table `creator_applications`
--

LOCK TABLES `creator_applications` WRITE;
/*!40000 ALTER TABLE `creator_applications` DISABLE KEYS */;
INSERT INTO `creator_applications` VALUES (1,23,'novica','movies, sports, ...','Description',0,2,'2019-05-27 08:41:50','2019-05-28 02:19:32',NULL,NULL),(2,77,'nick','dssadasdasasddsasd',NULL,0,1,'2019-05-27 13:37:04','2019-05-27 13:40:50',NULL,NULL),(3,75,'r','r','r',0,0,'2019-05-27 14:31:54','2019-06-17 13:40:25',NULL,NULL),(4,78,'Lorena blog girl','Blog and Vlog about makeup','You can find in my blog numerous of makeup asvices!',0,2,'2019-05-27 15:45:20','2019-06-18 16:05:51',NULL,'2019-06-18 16:05:51'),(5,55,'zax',NULL,NULL,0,1,'2019-05-27 16:18:41','2019-05-27 16:18:57',NULL,NULL),(10,43,'KitWiller','Gaming videos','I showcase my gaming skills',0,2,'2019-05-28 09:21:56','2019-05-28 09:23:03',NULL,NULL),(11,29,'dfa','fa','fda',1,2,'2019-05-28 09:28:04','2019-05-30 13:41:07',NULL,NULL),(12,79,'Kramer','Business videos','I am the man',1,2,'2019-05-28 09:47:09','2019-05-28 09:47:45',NULL,NULL),(14,80,'Costanza','Lectures on marine biology','I am a funny guy from NY',1,2,'2019-05-28 12:07:26','2019-05-28 12:11:30',NULL,NULL),(15,81,'sixteen','ewewewe','ewewew',1,1,'2019-06-05 16:41:07','2019-06-05 16:41:13','bde72233-c50c-4f57-a5bd-d0b7926b8ddb-1559745667',NULL),(17,73,'pledg','music','all about that',0,2,'2019-06-10 14:36:53','2019-06-18 09:43:04',NULL,'2019-06-18 09:43:04'),(18,82,'sixty','Creating 60','Description 60',1,2,'2019-06-13 10:21:42','2019-06-13 10:22:15',NULL,'2019-06-13 10:22:15'),(19,83,'sixtyone','Creating 61','Description 61',0,2,'2019-06-13 10:29:47','2019-06-13 10:32:09',NULL,'2019-06-13 10:32:09'),(20,84,'sixtyone','Creating 60','Description 60',1,2,'2019-06-13 10:38:43','2019-06-13 10:39:06',NULL,'2019-06-13 10:39:06'),(21,59,'novica-one','creating One','Descr',0,2,'2019-06-18 08:11:49','2019-06-18 08:12:13',NULL,'2019-06-18 08:12:13'),(22,85,'zagor','tutorial videos','I am the man with a plan',1,2,'2019-06-18 08:28:38','2019-06-18 08:29:03',NULL,'2019-06-18 08:29:03'),(23,30,'Pera','gaming','world of games',1,2,'2019-06-18 15:13:34','2019-06-18 15:37:25',NULL,'2019-06-18 15:37:25'),(24,86,'Anu Marketing Specialist','Marketing','Marketing tips and recommendation',0,2,'2019-06-18 16:27:36','2019-06-18 16:28:17',NULL,'2019-06-18 16:28:17'),(25,87,'groucho','Comedy videos','Some description about myself',1,2,'2019-06-20 08:08:43','2019-06-20 08:09:28',NULL,'2019-06-20 08:09:28'),(26,54,'DusanCreator','Gaming','My Gaming channel',0,2,'2019-06-24 12:08:59','2019-06-24 12:13:42',NULL,'2019-06-24 12:13:42'),(27,89,'lanmi','gaming','create 3d games',1,2,'2019-07-05 11:20:24','2019-07-05 11:21:36',NULL,'2019-07-05 11:21:36'),(28,96,'Nightman','Videos','Something awesome',1,2,'2019-07-16 11:37:32','2019-07-16 11:40:00',NULL,'2019-07-16 11:40:00'),(29,22,'Kyra S','Accurately predicted the person\'s future',NULL,1,0,'2019-07-17 15:08:09','2019-07-17 15:10:45',NULL,NULL),(30,97,'Kyra','Provide at least some of the answers','In this way, astrology purports to help people understand their lives and the world around them — and who doesn\'t want that?',0,2,'2019-07-17 15:21:02','2019-07-17 15:22:24',NULL,'2019-07-17 15:22:24'),(31,90,'call me ishmael','stories','story telling',1,2,'2019-07-18 14:56:00','2019-07-18 15:02:11',NULL,'2019-07-18 15:02:11'),(32,91,'rrrrrrrrrrr','rraaarrrrrrrrrrrrrrrrrrrrrrrrrrrr','rrrrrrrrrrrrrrrrrrrrrrrrrrrrrrrrrrrrrrrrrrrrrrrrrrrrrrrrrrrrrrrrrrrrrrrrrrrrrrrrrrrrrrrrrrrrrrrrrrrrrrrrrrrrrrrrrrrrrrrrrrrrrrrrrrrrrrrrrrrrrrrrrrrrrrrrrrrrrrr',0,0,'2019-07-19 14:38:48','2019-07-19 15:39:55',NULL,NULL),(33,101,'Thousand','Creating  1000','Description 1000',1,2,'2019-07-19 14:50:00','2019-07-19 14:50:54',NULL,'2019-07-19 14:50:54'),(35,102,'Life Coach - Francisco','Today, my life coaching business is 100% online.','456',0,2,'2019-07-22 13:07:21','2019-07-22 13:16:32',NULL,'2019-07-22 13:16:32');
/*!40000 ALTER TABLE `creator_applications` ENABLE KEYS */;
UNLOCK TABLES;

--
-- Table structure for table `creator_milestone`
--

DROP TABLE IF EXISTS `creator_milestone`;
/*!40101 SET @saved_cs_client     = @@character_set_client */;
/*!40101 SET character_set_client = utf8 */;
CREATE TABLE `creator_milestone` (
  `id` int(11) NOT NULL AUTO_INCREMENT,
  `creator_id` int(11) DEFAULT NULL,
  `description` varchar(100) COLLATE utf8mb4_unicode_ci NOT NULL,
  `created_at` datetime NOT NULL,
  `updated_at` datetime NOT NULL,
  `type` smallint(6) NOT NULL,
  `earnings` int(11) DEFAULT NULL,
  `subscriber_number` int(11) DEFAULT NULL,
  PRIMARY KEY (`id`),
  KEY `IDX_B642BACA61220EA6` (`creator_id`),
  CONSTRAINT `FK_B642BACA61220EA6` FOREIGN KEY (`creator_id`) REFERENCES `creator` (`id`) ON DELETE CASCADE
) ENGINE=InnoDB AUTO_INCREMENT=34 DEFAULT CHARSET=utf8mb4 COLLATE=utf8mb4_unicode_ci;
/*!40101 SET character_set_client = @saved_cs_client */;

--
-- Dumping data for table `creator_milestone`
--

LOCK TABLES `creator_milestone` WRITE;
/*!40000 ALTER TABLE `creator_milestone` DISABLE KEYS */;
INSERT INTO `creator_milestone` VALUES (1,11,'Dollars!!!','2019-06-20 04:49:55','2019-06-20 04:49:55',1,50,NULL),(2,11,'Subscribers!!!','2019-06-20 04:51:13','2019-06-20 04:51:13',2,NULL,5),(3,11,'Small number','2019-06-20 06:41:56','2019-06-20 06:41:56',2,NULL,5),(4,11,'Very reachable goal','2019-06-20 06:41:56','2019-06-20 06:41:56',1,10,NULL),(5,15,'Next goal ','2019-06-20 08:21:22','2019-06-20 08:21:22',2,NULL,10),(6,15,'Realistic goal','2019-06-20 08:21:22','2019-06-20 08:21:22',1,5,NULL),(7,15,'Long shot goal','2019-06-20 08:21:22','2019-06-20 08:21:22',1,20,NULL),(8,15,'Lets make 1000 bucks','2019-06-20 16:06:30','2019-06-20 16:06:30',1,1000,NULL),(9,16,'Lets make some money','2019-06-24 12:23:03','2019-06-24 12:23:03',1,1500,NULL),(10,17,'kuca','2019-07-05 12:27:19','2019-07-05 12:27:19',1,400,NULL),(11,17,'lenjstvovanje na plazi','2019-07-05 12:27:37','2019-07-05 12:27:37',1,299,NULL),(12,17,'napravi skolu','2019-07-05 12:30:06','2019-07-05 12:30:06',2,NULL,500000),(13,17,'lenjstvovanje na plazi','2019-07-08 15:10:38','2019-07-08 15:10:38',1,500000,NULL),(14,1,'Name','2019-07-09 12:40:36','2019-07-09 12:40:36',2,NULL,4),(15,19,'Get a simple yes or no','2019-07-18 14:10:39','2019-07-18 14:10:39',1,120000,NULL),(16,19,'1000000 followers!','2019-07-18 14:25:22','2019-07-18 14:25:22',2,NULL,1000000),(18,19,'The optimist sees only the drink that is still there and the pessimist only the drink that has gone.','2019-07-19 11:29:45','2019-07-19 11:29:45',1,10,NULL),(19,19,'The idea here is that two people can look at the same glass and see completely different things. ','2019-07-19 11:30:43','2019-07-19 11:30:43',2,NULL,7),(20,5,'Added new translation provider Yandex Translate which supports 95 languages.','2019-07-19 15:10:41','2019-07-19 15:10:41',1,12000,NULL),(21,21,'First five','2019-07-19 15:47:33','2019-07-19 15:47:33',1,5,NULL),(22,21,'Description: Milestone 3 subscribers.','2019-07-19 15:50:22','2019-07-19 15:50:22',2,NULL,3),(23,13,'wow! 150 followers, great deal!','2019-07-22 09:24:35','2019-07-22 09:24:35',2,NULL,150),(24,17,'test sejva','2019-07-22 11:02:52','2019-07-22 11:02:52',1,50,NULL),(25,17,'mora logout da se prikaze milestone?','2019-07-22 11:07:37','2019-07-22 11:07:37',1,60,NULL),(26,17,'milestone6','2019-07-22 11:12:52','2019-07-22 11:12:52',1,5000,NULL),(27,17,'milestone sad radi kako treba','2019-07-22 11:13:42','2019-07-22 11:13:42',1,10000,NULL),(28,19,'If you are finding these posts useful, do tell us and we will try to provide more.','2019-07-22 11:15:12','2019-07-22 11:15:12',1,1000,NULL),(29,19,'they show that they are against something by going to a public place and shouting','2019-07-22 11:17:14','2019-07-22 11:17:14',2,NULL,1),(30,17,'sejv sejv','2019-07-22 11:18:24','2019-07-22 11:18:24',1,5,NULL),(31,17,'hmmmmmm','2019-07-22 11:22:22','2019-07-22 11:22:22',1,10,NULL),(32,22,'That should happend when I receive my first clients payment!','2019-07-22 13:24:29','2019-07-22 13:24:29',1,30,NULL),(33,22,'My first 10 Patrions!!!','2019-07-22 13:28:41','2019-07-22 13:28:41',2,NULL,10);
/*!40000 ALTER TABLE `creator_milestone` ENABLE KEYS */;
UNLOCK TABLES;

--
-- Table structure for table `creator_thank_you_email`
--

DROP TABLE IF EXISTS `creator_thank_you_email`;
/*!40101 SET @saved_cs_client     = @@character_set_client */;
/*!40101 SET character_set_client = utf8 */;
CREATE TABLE `creator_thank_you_email` (
  `id` int(11) NOT NULL AUTO_INCREMENT,
  `creator_id` int(11) NOT NULL,
  `message` longtext COLLATE utf8mb4_unicode_ci,
  `message_html` longtext COLLATE utf8mb4_unicode_ci,
  PRIMARY KEY (`id`),
  UNIQUE KEY `UNIQ_39E778BF61220EA6` (`creator_id`),
  CONSTRAINT `FK_39E778BF61220EA6` FOREIGN KEY (`creator_id`) REFERENCES `creator` (`id`)
) ENGINE=InnoDB AUTO_INCREMENT=9 DEFAULT CHARSET=utf8mb4 COLLATE=utf8mb4_unicode_ci;
/*!40101 SET character_set_client = @saved_cs_client */;

--
-- Dumping data for table `creator_thank_you_email`
--

LOCK TABLES `creator_thank_you_email` WRITE;
/*!40000 ALTER TABLE `creator_thank_you_email` DISABLE KEYS */;
INSERT INTO `creator_thank_you_email` VALUES (1,6,'{\"blocks\":[{\"key\":\"a10j7\",\"text\":\"Hellol \",\"type\":\"unstyled\",\"depth\":0,\"inlineStyleRanges\":[],\"entityRanges\":[],\"data\":{}},{\"key\":\"fm64i\",\"text\":\"\",\"type\":\"unstyled\",\"depth\":0,\"inlineStyleRanges\":[],\"entityRanges\":[],\"data\":{}},{\"key\":\"a4gri\",\"text\":\"\",\"type\":\"unstyled\",\"depth\":0,\"inlineStyleRanges\":[],\"entityRanges\":[],\"data\":{}},{\"key\":\"f4k07\",\"text\":\"\",\"type\":\"unstyled\",\"depth\":0,\"inlineStyleRanges\":[],\"entityRanges\":[],\"data\":{}},{\"key\":\"d581p\",\"text\":\" \",\"type\":\"atomic\",\"depth\":0,\"inlineStyleRanges\":[],\"entityRanges\":[{\"offset\":0,\"length\":1,\"key\":0}],\"data\":{}},{\"key\":\"fhmlo\",\"text\":\"\",\"type\":\"unstyled\",\"depth\":0,\"inlineStyleRanges\":[],\"entityRanges\":[],\"data\":{}}],\"entityMap\":{\"0\":{\"type\":\"image\",\"mutability\":\"IMMUTABLE\",\"data\":{\"src\":\"http://res.cloudinary.com/eton-digital-ltd/image/upload/v1560942894/post-images/uakynapujx0pleqhlb99.jpg\"}}}}','<p>Hellol&nbsp;</p>\n<p><br></p>\n<p><br></p>\n<p><br></p>\n<figure><img src=\"http://res.cloudinary.com/eton-digital-ltd/image/upload/v1560942894/post-images/uakynapujx0pleqhlb99.jpg\"/></figure>\n<p><br></p>'),(2,15,'{\"blocks\":[{\"key\":\"3hlh1\",\"text\":\"Hello,\",\"type\":\"unstyled\",\"depth\":0,\"inlineStyleRanges\":[{\"offset\":0,\"length\":6,\"style\":\"UNDERLINE\"}],\"entityRanges\":[],\"data\":{}},{\"key\":\"8g5md\",\"text\":\"\",\"type\":\"unstyled\",\"depth\":0,\"inlineStyleRanges\":[],\"entityRanges\":[],\"data\":{}},{\"key\":\"603m3\",\"text\":\"Thank you for subscribing to my content. I hope you will enjoy.\",\"type\":\"unstyled\",\"depth\":0,\"inlineStyleRanges\":[{\"offset\":0,\"length\":63,\"style\":\"ITALIC\"},{\"offset\":0,\"length\":9,\"style\":\"BOLD\"}],\"entityRanges\":[],\"data\":{}},{\"key\":\"8glbu\",\"text\":\"\",\"type\":\"unstyled\",\"depth\":0,\"inlineStyleRanges\":[],\"entityRanges\":[],\"data\":{}},{\"key\":\"4jttm\",\"text\":\"\",\"type\":\"unstyled\",\"depth\":0,\"inlineStyleRanges\":[],\"entityRanges\":[],\"data\":{}},{\"key\":\"akeii\",\"text\":\" \",\"type\":\"atomic\",\"depth\":0,\"inlineStyleRanges\":[],\"entityRanges\":[{\"offset\":0,\"length\":1,\"key\":0}],\"data\":{}},{\"key\":\"co96n\",\"text\":\"\",\"type\":\"unstyled\",\"depth\":0,\"inlineStyleRanges\":[],\"entityRanges\":[],\"data\":{}},{\"key\":\"4jjhh\",\"text\":\"\",\"type\":\"unstyled\",\"depth\":0,\"inlineStyleRanges\":[],\"entityRanges\":[],\"data\":{}},{\"key\":\"4e3a\",\"text\":\"Sincerely,\",\"type\":\"unstyled\",\"depth\":0,\"inlineStyleRanges\":[],\"entityRanges\":[],\"data\":{}},{\"key\":\"cubef\",\"text\":\"Groucho\",\"type\":\"unstyled\",\"depth\":0,\"inlineStyleRanges\":[],\"entityRanges\":[],\"data\":{}}],\"entityMap\":{\"0\":{\"type\":\"image\",\"mutability\":\"IMMUTABLE\",\"data\":{\"src\":\"http://res.cloudinary.com/eton-digital-ltd/image/upload/v1561011775/post-images/hmfxottqdquw5c8hau4s.jpg\"}}}}','<p><u>Hello,</u></p>\n<p><br></p>\n<p><em><strong>Thank you</strong></em><em> for subscribing to my content. I hope you will enjoy.</em></p>\n<p><br></p>\n<p><br></p>\n<figure><img src=\"http://res.cloudinary.com/eton-digital-ltd/image/upload/v1561011775/post-images/hmfxottqdquw5c8hau4s.jpg\"/></figure>\n<p><br></p>\n<p><br></p>\n<p>Sincerely,</p>\n<p>Groucho</p>'),(3,11,'{\"blocks\":[{\"key\":\"2t8mg\",\"text\":\"Hello\",\"type\":\"unstyled\",\"depth\":0,\"inlineStyleRanges\":[{\"offset\":0,\"length\":5,\"style\":\"UNDERLINE\"},{\"offset\":0,\"length\":5,\"style\":\"BOLD\"}],\"entityRanges\":[],\"data\":{}},{\"key\":\"8s5op\",\"text\":\"\",\"type\":\"unstyled\",\"depth\":0,\"inlineStyleRanges\":[],\"entityRanges\":[],\"data\":{}},{\"key\":\"eu316\",\"text\":\"\",\"type\":\"unstyled\",\"depth\":0,\"inlineStyleRanges\":[],\"entityRanges\":[],\"data\":{}},{\"key\":\"86qpp\",\"text\":\"42522\",\"type\":\"unstyled\",\"depth\":0,\"inlineStyleRanges\":[],\"entityRanges\":[],\"data\":{}}],\"entityMap\":{}}','<p><u><strong>Hello</strong></u></p>\n<p><br></p>\n<p><br></p>\n<p>42522</p>'),(4,17,'{\"blocks\":[{\"key\":\"24akv\",\"text\":\"hvala dragi pratioci, hvala sto me finansirate e e e . slabo radi save, mora refresh ili drugi tab bb\",\"type\":\"unstyled\",\"depth\":0,\"inlineStyleRanges\":[{\"offset\":6,\"length\":5,\"style\":\"BOLD\"},{\"offset\":12,\"length\":8,\"style\":\"ITALIC\"}],\"entityRanges\":[],\"data\":{}},{\"key\":\"3shfe\",\"text\":\"\",\"type\":\"unstyled\",\"depth\":0,\"inlineStyleRanges\":[],\"entityRanges\":[],\"data\":{}},{\"key\":\"89rbi\",\"text\":\" \",\"type\":\"atomic\",\"depth\":0,\"inlineStyleRanges\":[],\"entityRanges\":[{\"offset\":0,\"length\":1,\"key\":0}],\"data\":{}},{\"key\":\"dkfjj\",\"text\":\"\",\"type\":\"unstyled\",\"depth\":0,\"inlineStyleRanges\":[],\"entityRanges\":[],\"data\":{}}],\"entityMap\":{\"0\":{\"type\":\"image\",\"mutability\":\"IMMUTABLE\",\"data\":{\"src\":\"http://res.cloudinary.com/eton-digital-ltd/image/upload/v1563785632/post-images/ubt0mxe0t6vp7qqozoce.jpg\"}}}}','<p>hvala <strong>dragi</strong> <em>pratioci</em>, hvala sto me finansirate e e e . slabo radi save, mora refresh ili drugi tab bb</p>\n<p><br></p>\n<figure><img src=\"http://res.cloudinary.com/eton-digital-ltd/image/upload/v1563785632/post-images/ubt0mxe0t6vp7qqozoce.jpg\"/></figure>\n<p><br></p>'),(5,14,'{\"blocks\":[{\"key\":\"6i7hb\",\"text\":\"thank you for the subscribtion!\",\"type\":\"unstyled\",\"depth\":0,\"inlineStyleRanges\":[],\"entityRanges\":[],\"data\":{}}],\"entityMap\":{}}','<p>thank you for the subscribtion!</p>'),(6,18,'{\"blocks\":[{\"key\":\"b9tna\",\"text\":\"At vero eos et accusamus et iusto odio dignissimos ducimus qui blanditiis praesentium voluptatum deleniti atque corrupti quos dolores et quas molestias excepturi sint occaecati cupiditate non provident, similique sunt in culpa qui officia deserunt mollitia animi, id est laborum et dolorum fuga. Et harum quidem rerum facilis est et expedita distinctio. Nam libero tempore, cum soluta nobis est eligendi optio cumque nihil impedit quo minus id quod maxime placeat facere possimus, omnis voluptas assumenda est, omnis dolor repellendus. Temporibus autem quibusdam et aut officiis debitis aut rerum necessitatibus saepe eveniet ut et voluptates repudiandae sint et molestiae non recusandae. Itaque earum rerum hic tenetur a sapiente delectus, ut aut reiciendis voluptatibus maiores alias consequatur aut perferendis doloribus asperiores repellat.\",\"type\":\"unstyled\",\"depth\":0,\"inlineStyleRanges\":[{\"offset\":0,\"length\":7,\"style\":\"BOLD\"}],\"entityRanges\":[],\"data\":{}}],\"entityMap\":{}}','<p><strong>At vero</strong> eos et accusamus et iusto odio dignissimos ducimus qui blanditiis praesentium voluptatum deleniti atque corrupti quos dolores et quas molestias excepturi sint occaecati cupiditate non provident, similique sunt in culpa qui officia deserunt mollitia animi, id est laborum et dolorum fuga. Et harum quidem rerum facilis est et expedita distinctio. Nam libero tempore, cum soluta nobis est eligendi optio cumque nihil impedit quo minus id quod maxime placeat facere possimus, omnis voluptas assumenda est, omnis dolor repellendus. Temporibus autem quibusdam et aut officiis debitis aut rerum necessitatibus saepe eveniet ut et voluptates repudiandae sint et molestiae non recusandae. Itaque earum rerum hic tenetur a sapiente delectus, ut aut reiciendis voluptatibus maiores alias consequatur aut perferendis doloribus asperiores repellat.</p>'),(7,19,'{\"blocks\":[{\"key\":\"36vt3\",\"text\":\"Become or Hire a gaming personal trainer to gain the experience to be the best. Our Personal EXP Trainers are proficient in the games you want to be the best in. \",\"type\":\"unstyled\",\"depth\":0,\"inlineStyleRanges\":[{\"offset\":17,\"length\":6,\"style\":\"ITALIC\"},{\"offset\":80,\"length\":41,\"style\":\"ITALIC\"},{\"offset\":128,\"length\":5,\"style\":\"ITALIC\"},{\"offset\":80,\"length\":41,\"style\":\"BOLD\"},{\"offset\":80,\"length\":41,\"style\":\"UNDERLINE\"}],\"entityRanges\":[],\"data\":{}},{\"key\":\"a4m43\",\"text\":\"\",\"type\":\"unstyled\",\"depth\":0,\"inlineStyleRanges\":[],\"entityRanges\":[],\"data\":{}},{\"key\":\"3pek1\",\"text\":\"... Get paid to teach others to play videos games or get better to compete!\",\"type\":\"unstyled\",\"depth\":0,\"inlineStyleRanges\":[{\"offset\":44,\"length\":5,\"style\":\"ITALIC\"}],\"entityRanges\":[],\"data\":{}}],\"entityMap\":{}}','<p>Become or Hire a <em>gaming</em> personal trainer to gain the experience to be the best. <u><em><strong>Our Personal EXP Trainers are proficient </strong></em></u>in the <em>games</em> you want to be the best in.&nbsp;</p>\n<p><br></p>\n<p>... Get paid to teach others to play videos <em>games</em> or get better to compete!</p>'),(8,20,'{\"blocks\":[{\"key\":\"el108\",\"text\":\"mucas gracijas\",\"type\":\"unstyled\",\"depth\":0,\"inlineStyleRanges\":[],\"entityRanges\":[],\"data\":{}}],\"entityMap\":{}}','<p>mucas gracijas</p>');
/*!40000 ALTER TABLE `creator_thank_you_email` ENABLE KEYS */;
UNLOCK TABLES;

--
-- Table structure for table `message`
--

DROP TABLE IF EXISTS `message`;
/*!40101 SET @saved_cs_client     = @@character_set_client */;
/*!40101 SET character_set_client = utf8 */;
CREATE TABLE `message` (
  `id` int(11) NOT NULL AUTO_INCREMENT,
  `thread_id` int(11) DEFAULT NULL,
  `sender_id` int(11) DEFAULT NULL,
  `body` longtext COLLATE utf8mb4_unicode_ci NOT NULL,
  `created_at` datetime NOT NULL,
  `is_removed` tinyint(1) NOT NULL,
  PRIMARY KEY (`id`),
  KEY `IDX_B6BD307FE2904019` (`thread_id`),
  KEY `IDX_B6BD307FF624B39D` (`sender_id`),
  CONSTRAINT `FK_B6BD307FE2904019` FOREIGN KEY (`thread_id`) REFERENCES `message_thread` (`id`) ON DELETE CASCADE,
  CONSTRAINT `FK_B6BD307FF624B39D` FOREIGN KEY (`sender_id`) REFERENCES `users` (`id`) ON DELETE CASCADE
) ENGINE=InnoDB AUTO_INCREMENT=39 DEFAULT CHARSET=utf8mb4 COLLATE=utf8mb4_unicode_ci;
/*!40101 SET character_set_client = @saved_cs_client */;

--
-- Dumping data for table `message`
--

LOCK TABLES `message` WRITE;
/*!40000 ALTER TABLE `message` DISABLE KEYS */;
INSERT INTO `message` VALUES (20,18,43,'idemoooooo','2019-07-31 10:45:15',0),(21,18,43,'reply','2019-07-31 10:45:29',0),(22,19,43,'masss','2019-08-01 10:18:21',0),(23,18,43,'idemo Goksi','2019-08-01 13:15:39',0),(24,18,43,'idemo Goksi','2019-08-01 13:15:39',0),(25,21,43,'ma idemooooooooo','2019-08-01 13:18:48',0),(26,20,43,'ma idemooooooooo','2019-08-01 13:18:48',0),(27,22,43,'ma idemooooooooo','2019-08-01 13:34:59',0),(28,23,43,'ma idemooooooooo','2019-08-01 13:34:59',0),(29,24,43,'da bre ovo je poruka','2019-08-01 13:35:18',0),(30,25,43,'da bre ovo je poruka','2019-08-01 13:35:18',0),(31,26,43,'da bre ovo je poruka','2019-08-01 14:10:13',0),(32,27,43,'da bre ovo je poruka','2019-08-01 14:10:46',0),(33,18,43,'da bre ovo je poruka','2019-08-01 14:20:46',0),(34,18,43,'replyyyyyy','2019-08-01 14:21:15',0),(35,28,43,'massssss','2019-08-02 09:45:51',0),(36,29,43,'12313212313231','2019-08-05 09:26:59',0),(37,30,43,'12313212313231','2019-08-05 09:27:47',0),(38,31,43,'12313212313231','2019-08-05 09:28:15',0);
/*!40000 ALTER TABLE `message` ENABLE KEYS */;
UNLOCK TABLES;

--
-- Table structure for table `message_metadata`
--

DROP TABLE IF EXISTS `message_metadata`;
/*!40101 SET @saved_cs_client     = @@character_set_client */;
/*!40101 SET character_set_client = utf8 */;
CREATE TABLE `message_metadata` (
  `id` int(11) NOT NULL AUTO_INCREMENT,
  `message_id` int(11) DEFAULT NULL,
  `participant_id` int(11) DEFAULT NULL,
  `is_read` tinyint(1) NOT NULL,
  PRIMARY KEY (`id`),
  KEY `IDX_4632F005537A1329` (`message_id`),
  KEY `IDX_4632F0059D1C3019` (`participant_id`),
  CONSTRAINT `FK_4632F005537A1329` FOREIGN KEY (`message_id`) REFERENCES `message` (`id`) ON DELETE CASCADE,
  CONSTRAINT `FK_4632F0059D1C3019` FOREIGN KEY (`participant_id`) REFERENCES `users` (`id`) ON DELETE CASCADE
) ENGINE=InnoDB AUTO_INCREMENT=129 DEFAULT CHARSET=utf8mb4 COLLATE=utf8mb4_unicode_ci;
/*!40101 SET character_set_client = @saved_cs_client */;

--
-- Dumping data for table `message_metadata`
--

LOCK TABLES `message_metadata` WRITE;
/*!40000 ALTER TABLE `message_metadata` DISABLE KEYS */;
INSERT INTO `message_metadata` VALUES (39,20,43,1),(40,20,16,0),(41,21,43,1),(42,21,16,0),(43,22,43,1),(44,22,16,0),(45,22,23,0),(46,22,24,0),(47,22,34,0),(48,22,76,0),(49,24,43,0),(50,23,43,0),(51,23,16,0),(52,24,16,0),(53,25,43,0),(54,26,43,0),(55,26,16,0),(56,26,23,0),(57,26,24,0),(58,25,16,0),(59,26,34,0),(60,26,76,0),(61,25,23,0),(62,25,24,0),(63,25,34,0),(64,25,76,0),(65,27,43,0),(66,27,16,0),(67,28,43,0),(68,27,23,0),(69,28,16,0),(70,27,24,0),(71,28,23,0),(72,27,34,0),(73,28,24,0),(74,27,76,0),(75,28,34,0),(76,28,76,0),(77,29,43,0),(78,29,16,0),(79,30,43,0),(80,29,23,0),(81,29,24,0),(82,30,16,0),(83,29,34,0),(84,30,23,0),(85,29,76,0),(86,30,24,0),(87,30,34,0),(88,30,76,0),(89,31,43,0),(90,31,16,0),(91,31,23,0),(92,31,24,0),(93,31,34,0),(94,31,76,0),(95,32,43,0),(96,32,16,0),(97,32,23,0),(98,32,24,0),(99,32,34,0),(100,32,76,0),(101,33,43,0),(102,33,16,0),(103,34,43,0),(104,34,16,0),(105,35,43,1),(106,35,24,0),(107,35,76,0),(108,35,34,0),(109,35,23,0),(110,35,16,0),(111,36,43,1),(112,36,24,0),(113,36,76,0),(114,36,34,0),(115,36,23,0),(116,36,16,0),(117,37,43,0),(118,37,24,0),(119,37,76,0),(120,37,34,0),(121,37,23,0),(122,37,16,0),(123,38,43,1),(124,38,24,0),(125,38,76,0),(126,38,34,0),(127,38,23,0),(128,38,16,0);
/*!40000 ALTER TABLE `message_metadata` ENABLE KEYS */;
UNLOCK TABLES;

--
-- Table structure for table `message_thread`
--

DROP TABLE IF EXISTS `message_thread`;
/*!40101 SET @saved_cs_client     = @@character_set_client */;
/*!40101 SET character_set_client = utf8 */;
CREATE TABLE `message_thread` (
  `id` int(11) NOT NULL AUTO_INCREMENT,
  `created_by_id` int(11) DEFAULT NULL,
  `user_id` int(11) DEFAULT NULL,
  `subject` varchar(255) COLLATE utf8mb4_unicode_ci NOT NULL,
  `created_at` datetime NOT NULL,
  `is_spam` tinyint(1) NOT NULL,
  PRIMARY KEY (`id`),
  KEY `IDX_607D18CB03A8386` (`created_by_id`),
  KEY `IDX_607D18CA76ED395` (`user_id`),
  CONSTRAINT `FK_607D18CA76ED395` FOREIGN KEY (`user_id`) REFERENCES `users` (`id`) ON DELETE SET NULL,
  CONSTRAINT `FK_607D18CB03A8386` FOREIGN KEY (`created_by_id`) REFERENCES `users` (`id`) ON DELETE SET NULL
) ENGINE=InnoDB AUTO_INCREMENT=32 DEFAULT CHARSET=utf8mb4 COLLATE=utf8mb4_unicode_ci;
/*!40101 SET character_set_client = @saved_cs_client */;

--
-- Dumping data for table `message_thread`
--

LOCK TABLES `message_thread` WRITE;
/*!40000 ALTER TABLE `message_thread` DISABLE KEYS */;
INSERT INTO `message_thread` VALUES (18,43,16,'','2019-07-31 10:45:15',0),(19,43,NULL,'','2019-08-01 10:18:21',0),(20,43,NULL,'','2019-08-01 13:18:48',0),(21,43,NULL,'','2019-08-01 13:18:48',0),(22,43,NULL,'','2019-08-01 13:34:59',0),(23,43,NULL,'','2019-08-01 13:34:59',0),(24,43,NULL,'','2019-08-01 13:35:18',0),(25,43,NULL,'','2019-08-01 13:35:18',0),(26,43,NULL,'','2019-08-01 14:10:13',0),(27,43,NULL,'','2019-08-01 14:10:46',0),(28,43,NULL,'','2019-08-02 09:45:51',0),(29,43,NULL,'','2019-08-05 09:26:59',0),(30,43,NULL,'','2019-08-05 09:27:47',0),(31,43,NULL,'','2019-08-05 09:28:15',0);
/*!40000 ALTER TABLE `message_thread` ENABLE KEYS */;
UNLOCK TABLES;

--
-- Table structure for table `message_thread_metadata`
--

DROP TABLE IF EXISTS `message_thread_metadata`;
/*!40101 SET @saved_cs_client     = @@character_set_client */;
/*!40101 SET character_set_client = utf8 */;
CREATE TABLE `message_thread_metadata` (
  `id` int(11) NOT NULL AUTO_INCREMENT,
  `thread_id` int(11) DEFAULT NULL,
  `participant_id` int(11) DEFAULT NULL,
  `is_deleted` tinyint(1) NOT NULL,
  `last_participant_message_date` datetime DEFAULT NULL,
  `last_message_date` datetime DEFAULT NULL,
  `is_removed` tinyint(1) NOT NULL,
  `last_message_date_thread` datetime DEFAULT NULL,
  PRIMARY KEY (`id`),
  KEY `IDX_38FC293EE2904019` (`thread_id`),
  KEY `IDX_38FC293E9D1C3019` (`participant_id`),
  CONSTRAINT `FK_38FC293E9D1C3019` FOREIGN KEY (`participant_id`) REFERENCES `users` (`id`) ON DELETE CASCADE,
  CONSTRAINT `FK_38FC293EE2904019` FOREIGN KEY (`thread_id`) REFERENCES `message_thread` (`id`) ON DELETE CASCADE
) ENGINE=InnoDB AUTO_INCREMENT=115 DEFAULT CHARSET=utf8mb4 COLLATE=utf8mb4_unicode_ci;
/*!40101 SET character_set_client = @saved_cs_client */;

--
-- Dumping data for table `message_thread_metadata`
--

LOCK TABLES `message_thread_metadata` WRITE;
/*!40000 ALTER TABLE `message_thread_metadata` DISABLE KEYS */;
INSERT INTO `message_thread_metadata` VALUES (35,18,43,0,'2019-08-01 14:21:15',NULL,0,'2019-08-01 14:21:15'),(36,18,16,0,NULL,'2019-08-01 14:21:15',0,'2019-08-01 14:21:15'),(37,19,43,0,'2019-08-01 10:18:21',NULL,0,NULL),(38,19,16,0,NULL,'2019-08-01 10:18:21',0,NULL),(39,19,23,0,NULL,'2019-08-01 10:18:21',0,NULL),(40,19,24,0,NULL,'2019-08-01 10:18:21',0,NULL),(41,19,34,0,NULL,'2019-08-01 10:18:21',0,NULL),(42,19,76,0,NULL,'2019-08-01 10:18:21',0,NULL),(43,20,43,0,'2019-08-01 13:18:48',NULL,0,'2019-08-01 13:18:48'),(44,21,43,0,'2019-08-01 13:18:48',NULL,0,'2019-08-01 13:18:48'),(45,20,16,0,NULL,'2019-08-01 13:18:48',0,'2019-08-01 13:18:48'),(46,21,16,0,NULL,'2019-08-01 13:18:48',0,'2019-08-01 13:18:48'),(47,20,23,0,NULL,'2019-08-01 13:18:48',0,'2019-08-01 13:18:48'),(48,21,23,0,NULL,'2019-08-01 13:18:48',0,'2019-08-01 13:18:48'),(49,20,24,0,NULL,'2019-08-01 13:18:48',0,'2019-08-01 13:18:48'),(50,21,24,0,NULL,'2019-08-01 13:18:48',0,'2019-08-01 13:18:48'),(51,20,34,0,NULL,'2019-08-01 13:18:48',0,'2019-08-01 13:18:48'),(52,21,34,0,NULL,'2019-08-01 13:18:48',0,'2019-08-01 13:18:48'),(53,20,76,0,NULL,'2019-08-01 13:18:48',0,'2019-08-01 13:18:48'),(54,21,76,0,NULL,'2019-08-01 13:18:48',0,'2019-08-01 13:18:48'),(55,22,43,0,'2019-08-01 13:34:59',NULL,0,'2019-08-01 13:34:59'),(56,22,16,0,NULL,'2019-08-01 13:34:59',0,'2019-08-01 13:34:59'),(57,22,23,0,NULL,'2019-08-01 13:34:59',0,'2019-08-01 13:34:59'),(58,22,24,0,NULL,'2019-08-01 13:34:59',0,'2019-08-01 13:34:59'),(59,22,34,0,NULL,'2019-08-01 13:34:59',0,'2019-08-01 13:34:59'),(60,22,76,0,NULL,'2019-08-01 13:34:59',0,'2019-08-01 13:34:59'),(61,23,43,0,'2019-08-01 13:34:59',NULL,0,'2019-08-01 13:34:59'),(62,23,16,0,NULL,'2019-08-01 13:34:59',0,'2019-08-01 13:34:59'),(63,23,23,0,NULL,'2019-08-01 13:34:59',0,'2019-08-01 13:34:59'),(64,23,24,0,NULL,'2019-08-01 13:34:59',0,'2019-08-01 13:34:59'),(65,23,34,0,NULL,'2019-08-01 13:34:59',0,'2019-08-01 13:34:59'),(66,23,76,0,NULL,'2019-08-01 13:34:59',0,'2019-08-01 13:34:59'),(67,24,43,0,'2019-08-01 13:35:18',NULL,0,'2019-08-01 13:35:18'),(68,24,16,0,NULL,'2019-08-01 13:35:18',0,'2019-08-01 13:35:18'),(69,24,23,0,NULL,'2019-08-01 13:35:18',0,'2019-08-01 13:35:18'),(70,24,24,0,NULL,'2019-08-01 13:35:18',0,'2019-08-01 13:35:18'),(71,24,34,0,NULL,'2019-08-01 13:35:18',0,'2019-08-01 13:35:18'),(72,24,76,0,NULL,'2019-08-01 13:35:18',0,'2019-08-01 13:35:18'),(73,25,43,0,'2019-08-01 13:35:18',NULL,0,'2019-08-01 13:35:18'),(74,25,16,0,NULL,'2019-08-01 13:35:18',0,'2019-08-01 13:35:18'),(75,25,23,0,NULL,'2019-08-01 13:35:18',0,'2019-08-01 13:35:18'),(76,25,24,0,NULL,'2019-08-01 13:35:18',0,'2019-08-01 13:35:18'),(77,25,34,0,NULL,'2019-08-01 13:35:18',0,'2019-08-01 13:35:18'),(78,25,76,0,NULL,'2019-08-01 13:35:18',0,'2019-08-01 13:35:18'),(79,26,43,0,'2019-08-01 14:10:13',NULL,0,'2019-08-01 14:10:13'),(80,26,16,0,NULL,'2019-08-01 14:10:13',0,'2019-08-01 14:10:13'),(81,26,23,0,NULL,'2019-08-01 14:10:13',0,'2019-08-01 14:10:13'),(82,26,24,0,NULL,'2019-08-01 14:10:13',0,'2019-08-01 14:10:13'),(83,26,34,0,NULL,'2019-08-01 14:10:13',0,'2019-08-01 14:10:13'),(84,26,76,0,NULL,'2019-08-01 14:10:13',0,'2019-08-01 14:10:13'),(85,27,43,0,'2019-08-01 14:10:46',NULL,0,'2019-08-01 14:10:46'),(86,27,16,0,NULL,'2019-08-01 14:10:46',0,'2019-08-01 14:10:46'),(87,27,23,0,NULL,'2019-08-01 14:10:46',0,'2019-08-01 14:10:46'),(88,27,24,0,NULL,'2019-08-01 14:10:46',0,'2019-08-01 14:10:46'),(89,27,34,0,NULL,'2019-08-01 14:10:46',0,'2019-08-01 14:10:46'),(90,27,76,0,NULL,'2019-08-01 14:10:46',0,'2019-08-01 14:10:46'),(91,28,43,0,'2019-08-02 09:45:51',NULL,0,'2019-08-02 09:45:51'),(92,28,24,0,NULL,'2019-08-02 09:45:51',0,'2019-08-02 09:45:51'),(93,28,76,0,NULL,'2019-08-02 09:45:51',0,'2019-08-02 09:45:51'),(94,28,34,0,NULL,'2019-08-02 09:45:51',0,'2019-08-02 09:45:51'),(95,28,23,0,NULL,'2019-08-02 09:45:51',0,'2019-08-02 09:45:51'),(96,28,16,0,NULL,'2019-08-02 09:45:51',0,'2019-08-02 09:45:51'),(97,29,43,0,'2019-08-05 09:26:59',NULL,0,'2019-08-05 09:26:59'),(98,29,24,0,NULL,'2019-08-05 09:26:59',0,'2019-08-05 09:26:59'),(99,29,76,0,NULL,'2019-08-05 09:26:59',0,'2019-08-05 09:26:59'),(100,29,34,0,NULL,'2019-08-05 09:26:59',0,'2019-08-05 09:26:59'),(101,29,23,0,NULL,'2019-08-05 09:26:59',0,'2019-08-05 09:26:59'),(102,29,16,0,NULL,'2019-08-05 09:26:59',0,'2019-08-05 09:26:59'),(103,30,43,0,'2019-08-05 09:27:47',NULL,0,'2019-08-05 09:27:47'),(104,30,24,0,NULL,'2019-08-05 09:27:47',0,'2019-08-05 09:27:47'),(105,30,76,0,NULL,'2019-08-05 09:27:47',0,'2019-08-05 09:27:47'),(106,30,34,0,NULL,'2019-08-05 09:27:47',0,'2019-08-05 09:27:47'),(107,30,23,0,NULL,'2019-08-05 09:27:47',0,'2019-08-05 09:27:47'),(108,30,16,0,NULL,'2019-08-05 09:27:47',0,'2019-08-05 09:27:47'),(109,31,43,0,'2019-08-05 09:28:15',NULL,0,'2019-08-05 09:28:15'),(110,31,24,0,NULL,'2019-08-05 09:28:15',0,'2019-08-05 09:28:15'),(111,31,76,0,NULL,'2019-08-05 09:28:15',0,'2019-08-05 09:28:15'),(112,31,34,0,NULL,'2019-08-05 09:28:15',0,'2019-08-05 09:28:15'),(113,31,23,0,NULL,'2019-08-05 09:28:15',0,'2019-08-05 09:28:15'),(114,31,16,0,NULL,'2019-08-05 09:28:15',0,'2019-08-05 09:28:15');
/*!40000 ALTER TABLE `message_thread_metadata` ENABLE KEYS */;
UNLOCK TABLES;

--
-- Table structure for table `migration_versions`
--

DROP TABLE IF EXISTS `migration_versions`;
/*!40101 SET @saved_cs_client     = @@character_set_client */;
/*!40101 SET character_set_client = utf8 */;
CREATE TABLE `migration_versions` (
  `version` varchar(14) COLLATE utf8mb4_unicode_ci NOT NULL,
  `executed_at` datetime NOT NULL COMMENT '(DC2Type:datetime_immutable)',
  PRIMARY KEY (`version`)
) ENGINE=InnoDB DEFAULT CHARSET=utf8mb4 COLLATE=utf8mb4_unicode_ci;
/*!40101 SET character_set_client = @saved_cs_client */;

--
-- Dumping data for table `migration_versions`
--


--
-- Table structure for table `poll_item`
--

DROP TABLE IF EXISTS `poll_item`;
/*!40101 SET @saved_cs_client     = @@character_set_client */;
/*!40101 SET character_set_client = utf8 */;
CREATE TABLE `poll_item` (
  `id` int(11) NOT NULL AUTO_INCREMENT,
  `post_id` int(11) NOT NULL,
  `choice` varchar(300) COLLATE utf8mb4_unicode_ci NOT NULL,
  `votes` int(11) NOT NULL DEFAULT '0',
  `created_at` datetime DEFAULT NULL,
  `updated_at` datetime DEFAULT NULL,
  PRIMARY KEY (`id`),
  KEY `IDX_A85D2EC44B89032C` (`post_id`),
  CONSTRAINT `FK_A85D2EC44B89032C` FOREIGN KEY (`post_id`) REFERENCES `post` (`id`) ON DELETE CASCADE
) ENGINE=InnoDB AUTO_INCREMENT=24 DEFAULT CHARSET=utf8mb4 COLLATE=utf8mb4_unicode_ci;
/*!40101 SET character_set_client = @saved_cs_client */;

--
-- Dumping data for table `poll_item`
--

LOCK TABLES `poll_item` WRITE;
/*!40000 ALTER TABLE `poll_item` DISABLE KEYS */;
INSERT INTO `poll_item` VALUES (4,81,'Giveaway',0,'2019-07-10 13:37:25','2019-07-10 13:37:25'),(5,81,'Promote',0,'2019-07-10 13:37:25','2019-07-10 13:37:25'),(6,81,'Social Media channels',0,'2019-07-10 13:37:25','2019-07-10 13:37:25'),(7,87,'first',0,'2019-07-11 11:35:40','2019-07-11 11:35:40'),(8,87,'second',0,'2019-07-11 11:35:40','2019-07-11 11:35:40'),(9,87,'third',0,'2019-07-11 11:35:40','2019-07-11 11:35:40'),(10,97,'Yes',1,'2019-07-16 08:41:41','2019-07-16 08:41:41'),(11,97,'No',0,'2019-07-16 08:41:41','2019-07-16 08:41:41'),(12,98,'Our team ',0,'2019-07-16 09:12:49','2019-07-16 09:12:49'),(13,98,'writers, freelancers',2,'2019-07-16 09:12:49','2019-07-16 09:12:49'),(14,98,'digital entrepreneurs. ',1,'2019-07-16 09:12:49','2019-07-16 09:12:49'),(15,99,'Babe Ruth',1,'2019-07-16 09:46:35','2019-07-16 09:46:35'),(16,99,'Joe Di Maggio',0,'2019-07-16 09:46:35','2019-07-16 09:46:35'),(17,99,'Lou Gehrig',0,'2019-07-16 09:46:35','2019-07-16 09:46:35'),(18,100,'Godfather',2,'2019-07-16 11:45:32','2019-07-16 11:45:32'),(19,100,'The Shawshenk Redemption',0,'2019-07-16 11:45:32','2019-07-16 11:45:32'),(20,100,'The Dark Knight',0,'2019-07-16 11:45:32','2019-07-16 11:45:32'),(21,102,'Spamalot',0,'2019-07-16 12:36:36','2019-07-16 12:36:36'),(22,102,'Moulin Rouge',1,'2019-07-16 12:36:36','2019-07-16 12:36:36'),(23,102,'Nightman',1,'2019-07-16 12:36:36','2019-07-16 12:36:36');
/*!40000 ALTER TABLE `poll_item` ENABLE KEYS */;
UNLOCK TABLES;

--
-- Table structure for table `poll_item_vote`
--

DROP TABLE IF EXISTS `poll_item_vote`;
/*!40101 SET @saved_cs_client     = @@character_set_client */;
/*!40101 SET character_set_client = utf8 */;
CREATE TABLE `poll_item_vote` (
  `id` int(11) NOT NULL AUTO_INCREMENT,
  `user_id` int(11) NOT NULL,
  `created_at` datetime DEFAULT NULL,
  `updated_at` datetime DEFAULT NULL,
  `pollItem_id` int(11) NOT NULL,
  PRIMARY KEY (`id`),
  KEY `IDX_59F7E86BA76ED395` (`user_id`),
  KEY `IDX_59F7E86BC8E4CF1A` (`pollItem_id`),
  CONSTRAINT `FK_59F7E86BA76ED395` FOREIGN KEY (`user_id`) REFERENCES `users` (`id`) ON DELETE CASCADE,
  CONSTRAINT `FK_59F7E86BC8E4CF1A` FOREIGN KEY (`pollItem_id`) REFERENCES `poll_item` (`id`) ON DELETE CASCADE
) ENGINE=InnoDB AUTO_INCREMENT=10 DEFAULT CHARSET=utf8mb4 COLLATE=utf8mb4_unicode_ci;
/*!40101 SET character_set_client = @saved_cs_client */;

--
-- Dumping data for table `poll_item_vote`
--

LOCK TABLES `poll_item_vote` WRITE;
/*!40000 ALTER TABLE `poll_item_vote` DISABLE KEYS */;
INSERT INTO `poll_item_vote` VALUES (1,24,'2019-07-16 08:43:50','2019-07-16 08:43:50',10),(2,24,'2019-07-16 09:54:46','2019-07-16 09:54:46',15),(3,29,'2019-07-16 09:58:36','2019-07-16 09:58:36',13),(4,75,'2019-07-16 10:02:11','2019-07-16 10:02:11',14),(5,31,'2019-07-16 10:15:24','2019-07-16 10:15:24',13),(6,24,'2019-07-16 12:21:09','2019-07-16 12:21:09',18),(7,75,'2019-07-16 12:37:48','2019-07-16 12:37:48',22),(8,75,'2019-07-16 12:37:54','2019-07-16 12:37:54',18),(9,24,'2019-07-16 12:38:51','2019-07-16 12:38:51',23);
/*!40000 ALTER TABLE `poll_item_vote` ENABLE KEYS */;
UNLOCK TABLES;

--
-- Table structure for table `post`
--

DROP TABLE IF EXISTS `post`;
/*!40101 SET @saved_cs_client     = @@character_set_client */;
/*!40101 SET character_set_client = utf8 */;
CREATE TABLE `post` (
  `id` int(11) NOT NULL AUTO_INCREMENT,
  `creator_id` int(11) NOT NULL,
  `title` varchar(191) COLLATE utf8mb4_unicode_ci NOT NULL,
  `content` longtext COLLATE utf8mb4_unicode_ci,
  `created_at` datetime DEFAULT NULL,
  `updated_at` datetime DEFAULT NULL,
  `tier_id` int(11) DEFAULT NULL,
  `video_url` varchar(300) COLLATE utf8mb4_unicode_ci DEFAULT NULL,
  `file_url` varchar(300) COLLATE utf8mb4_unicode_ci DEFAULT NULL,
  `preview_text` longtext COLLATE utf8mb4_unicode_ci,
  `preview_img` varchar(300) COLLATE utf8mb4_unicode_ci DEFAULT NULL,
  `embed_preview` longtext COLLATE utf8mb4_unicode_ci,
  `link_url` varchar(300) COLLATE utf8mb4_unicode_ci DEFAULT NULL,
  `audio_url` varchar(300) COLLATE utf8mb4_unicode_ci DEFAULT NULL,
  `post_category_id` int(11) DEFAULT NULL,
  `likes_count` int(11) NOT NULL DEFAULT '0',
  `poll_expires_at` datetime DEFAULT NULL,
  `type` int(11) NOT NULL DEFAULT '0',
  `pixelated_preview_img` varchar(300) COLLATE utf8mb4_unicode_ci DEFAULT NULL,
  PRIMARY KEY (`id`),
  KEY `IDX_5A8A6C8D61220EA6` (`creator_id`),
  KEY `IDX_5A8A6C8DA354F9DC` (`tier_id`),
  KEY `IDX_5A8A6C8DFE0617CD` (`post_category_id`),
  CONSTRAINT `FK_5A8A6C8D61220EA6` FOREIGN KEY (`creator_id`) REFERENCES `users` (`id`) ON DELETE CASCADE,
  CONSTRAINT `FK_5A8A6C8DA354F9DC` FOREIGN KEY (`tier_id`) REFERENCES `tier` (`id`) ON DELETE SET NULL,
  CONSTRAINT `FK_5A8A6C8DFE0617CD` FOREIGN KEY (`post_category_id`) REFERENCES `post_category` (`id`) ON DELETE SET NULL
) ENGINE=InnoDB AUTO_INCREMENT=135 DEFAULT CHARSET=utf8mb4 COLLATE=utf8mb4_unicode_ci;
/*!40101 SET character_set_client = @saved_cs_client */;

--
-- Dumping data for table `post`
--

LOCK TABLES `post` WRITE;
/*!40000 ALTER TABLE `post` DISABLE KEYS */;
INSERT INTO `post` VALUES (1,43,'test title','asfdasf','2019-05-28 10:13:41',NULL,2,'',NULL,NULL,NULL,NULL,NULL,NULL,NULL,0,NULL,0,NULL),(2,43,'start on mac osx','Test test','2019-05-28 10:25:02',NULL,2,'',NULL,NULL,NULL,NULL,NULL,NULL,NULL,0,NULL,0,NULL),(3,79,'Test post','Hello, this is a testing post','2019-05-28 10:42:36',NULL,3,'',NULL,NULL,NULL,NULL,NULL,NULL,NULL,0,NULL,0,NULL),(4,80,'A lecture #1','Hello,\n\nI am George and I will talk about marine biology. Thanks for reading this...','2019-05-28 12:29:07',NULL,5,'',NULL,NULL,NULL,NULL,NULL,NULL,NULL,0,NULL,0,NULL),(5,23,'Title of the post!','Hello!','2019-05-29 16:55:20',NULL,4,'',NULL,NULL,NULL,NULL,NULL,NULL,NULL,0,NULL,0,NULL),(6,23,'Title of the post 2!','Test 2!','2019-05-29 17:00:06',NULL,4,'',NULL,NULL,NULL,NULL,NULL,NULL,NULL,1,NULL,0,NULL),(7,78,'Holiday & Party Makeup','Make sure your makeup for you party or event is on point with one of these makeup ideas','2019-06-06 12:24:07',NULL,8,'',NULL,NULL,NULL,NULL,NULL,NULL,NULL,0,NULL,0,NULL),(8,78,'Holiday & Party Makeup','Make sure your makeup for you party or event is on point with one of these makeup ideas','2019-06-06 12:26:24',NULL,8,'',NULL,NULL,NULL,NULL,NULL,NULL,NULL,0,NULL,0,NULL),(9,78,'Basic Makeup Tips on What to Do Before Applying Makeup','Before we get into listing those basic  makeup tips, you need to learn how to prepare your face, even when you  plan to wear simple makeup. A pre-makeup routine is nothing a but your  regular simple cleanse-tone-moisturise regime to cleanses your face of  excess oils, as well as keeps it hydrated, so that the makeup sits  properly and evenly on your sk','2019-06-06 12:33:55',NULL,7,'',NULL,NULL,NULL,NULL,NULL,NULL,NULL,0,NULL,0,NULL),(10,43,'Test simple text','{\"blocks\":[{\"key\":\"16t1f\",\"text\":\"Example simple text\",\"type\":\"unstyled\",\"depth\":0,\"inlineStyleRanges\":[],\"entityRanges\":[],\"data\":{}}],\"entityMap\":{}}','2019-06-18 00:30:50',NULL,2,NULL,NULL,'Example simple text',NULL,NULL,NULL,NULL,NULL,0,NULL,0,NULL),(11,43,'Test simple text','{\"blocks\":[{\"key\":\"ei2cr\",\"text\":\"test\",\"type\":\"unstyled\",\"depth\":0,\"inlineStyleRanges\":[],\"entityRanges\":[],\"data\":{}}],\"entityMap\":{}}','2019-06-18 00:31:36',NULL,2,NULL,NULL,'test',NULL,NULL,NULL,NULL,NULL,0,NULL,0,NULL),(12,43,'Test post with image','{\"blocks\":[{\"key\":\"3pfon\",\"text\":\"Test text\",\"type\":\"unstyled\",\"depth\":0,\"inlineStyleRanges\":[],\"entityRanges\":[],\"data\":{}}],\"entityMap\":{}}','2019-06-18 01:41:15',NULL,2,NULL,NULL,'Test text','http://res.cloudinary.com/eton-digital-ltd/image/upload/v1560814841/post-images/tyj6cvh971ktrhropkng.png',NULL,NULL,NULL,NULL,0,NULL,0,NULL),(13,85,'Test post','{\"blocks\":[{\"key\":\"32fpf\",\"text\":\"Test\",\"type\":\"unstyled\",\"depth\":0,\"inlineStyleRanges\":[],\"entityRanges\":[],\"data\":{}}],\"entityMap\":{}}','2019-06-18 08:50:18',NULL,2,NULL,NULL,'Test',NULL,NULL,NULL,NULL,NULL,0,NULL,0,NULL),(14,85,'Test post 2','{\"blocks\":[{\"key\":\"7fqr7\",\"text\":\"Test 2\",\"type\":\"unstyled\",\"depth\":0,\"inlineStyleRanges\":[{\"offset\":0,\"length\":6,\"style\":\"BOLD\"}],\"entityRanges\":[],\"data\":{}}],\"entityMap\":{}}','2019-06-18 08:51:43',NULL,2,NULL,'http://res.cloudinary.com/eton-digital-ltd/raw/upload/v1560840683/pledgr-docs/cynsleknhlzpilht3aqo.png','Test 2',NULL,NULL,NULL,NULL,NULL,0,NULL,0,NULL),(15,30,'teete','{\"blocks\":[{\"key\":\"4rjnk\",\"text\":\"dsfdfa\",\"type\":\"unstyled\",\"depth\":0,\"inlineStyleRanges\":[],\"entityRanges\":[],\"data\":{}}],\"entityMap\":{}}','2019-06-18 16:00:54',NULL,12,NULL,NULL,'dsfdfa',NULL,NULL,NULL,NULL,NULL,0,NULL,0,NULL),(16,30,'Lorem ipsum','{\"blocks\":[{\"key\":\"c1e3u\",\"text\":\"The most colorful festival is knocking at our doors, it’s time to  celebrate the spirit of the festival and plan an amazing Holi Party.  What better than throwing a party at your own house. Don’t know where to  start from? All you need is a party planning checklist and a few tips  to ensure that you, your friends and family have a great time.\",\"type\":\"unstyled\",\"depth\":0,\"inlineStyleRanges\":[],\"entityRanges\":[],\"data\":{}},{\"key\":\"7iku2\",\"text\":\"Tips to throw Holi Party in style!\",\"type\":\"header-one\",\"depth\":0,\"inlineStyleRanges\":[],\"entityRanges\":[],\"data\":{}},{\"key\":\"b7ht7\",\"text\":\"Guestlist: The first step is to create a guestlist.  The size of your guestlist will depend upon how many people can be  accommodated in your house and on your budget. You can opt for fancy  invites or can even send E-Cards.\",\"type\":\"unstyled\",\"depth\":0,\"inlineStyleRanges\":[{\"offset\":0,\"length\":10,\"style\":\"BOLD\"}],\"entityRanges\":[],\"data\":{}}],\"entityMap\":{}}','2019-06-18 16:02:48',NULL,12,NULL,'http://res.cloudinary.com/eton-digital-ltd/raw/upload/v1560866530/pledgr-docs/fqlgrtmivdcgcjwjzes1.pdf','The most colorful festival is knocking at our doors, it’s time to  celebrate the spirit of the festival and plan an amazing Holi Party.  What better than throwing a party at your own house. Don’t know where to  start from? All you need is a party planning checklist and a few tips  to ensure that you, your friends and family have a great time.\nTips to throw Holi Party in style!\nGuestlist: The first step is to create a guestlist.  The size of your guestlist will depend upon how many people can be  accommodated in your house and on your budget. You can opt for fancy  invites or can even send E-Cards.',NULL,NULL,NULL,NULL,NULL,0,NULL,0,NULL),(17,30,'Holy party','{\"blocks\":[{\"key\":\"f42is\",\"text\":\"Tips to throw Holi Party in style!\",\"type\":\"unstyled\",\"depth\":0,\"inlineStyleRanges\":[],\"entityRanges\":[],\"data\":{}},{\"key\":\"9ko61\",\"text\":\"Guestlist: The first step is to create a guestlist.  The size of your guestlist will depend upon how many people can be  accommodated in your house and on your budget. You can opt for fancy  invites or can even send E-Cards.\",\"type\":\"unstyled\",\"depth\":0,\"inlineStyleRanges\":[{\"offset\":0,\"length\":10,\"style\":\"BOLD\"}],\"entityRanges\":[],\"data\":{}}],\"entityMap\":{}}','2019-06-18 16:04:14',NULL,12,NULL,NULL,'Tips to throw Holi Party in style!\nGuestlist: The first step is to create a guestlist.  The size of your guestlist will depend upon how many people can be  accommodated in your house and on your budget. You can opt for fancy  invites or can even send E-Cards.',NULL,NULL,NULL,NULL,NULL,1,NULL,0,NULL),(18,30,'Sports game','{\"blocks\":[{\"key\":\"f02q4\",\"text\":\"Sports games let you be the athlete using just your mouse and keyboard. They\'re a great way to kill time while playing your favorite sports in some of the craziest ways ever. Run, kick, jump and score your way to fame! From classics like football and soccer to action-packed ones, like skateboarding; our sports games let your fingers win the game! Take a look at some of our games and you\'ll see lots of great choices that range from real-life style graphics to cool and weird ones. Whether you like 3D games, top-down views or even classic 2D gaming, you\'ll find that while sports have rules, our games clearly don\'t!\",\"type\":\"unstyled\",\"depth\":0,\"inlineStyleRanges\":[],\"entityRanges\":[],\"data\":{}},{\"key\":\"8nuri\",\"text\":\" \",\"type\":\"atomic\",\"depth\":0,\"inlineStyleRanges\":[],\"entityRanges\":[{\"offset\":0,\"length\":1,\"key\":0}],\"data\":{}},{\"key\":\"dutf7\",\"text\":\"\",\"type\":\"unstyled\",\"depth\":0,\"inlineStyleRanges\":[],\"entityRanges\":[],\"data\":{}}],\"entityMap\":{\"0\":{\"type\":\"image\",\"mutability\":\"IMMUTABLE\",\"data\":{\"src\":\"http://res.cloudinary.com/eton-digital-ltd/image/upload/v1560867239/post-images/z9t13u43oh7xy28pwmtl.jpg\"}}}}','2019-06-18 16:14:12',NULL,12,NULL,NULL,'Sports games let you be the athlete using just your mouse and keyboard. They\'re a great way to kill time while playing your favorite sports in some of the craziest ways ever. Run, kick, jump and score your way to fame! From classics like football and soccer to action-packed ones, like skateboarding; our sports games let your fingers win the game! Take a look at some of our games and you\'ll see lots of great choices that range from real-life style graphics to cool and weird ones. Whether you like 3D games, top-down views or even classic 2D gaming, you\'ll find that while sports have rules, our games clearly don\'t!',NULL,NULL,NULL,NULL,NULL,1,NULL,0,NULL),(19,30,'You’d hardly describe 2018 as a vintage year','{\"blocks\":[{\"key\":\"be0ht\",\"text\":\"Those games which do make our past-12-months Hall of Fame are a mix of big-money veterans and plucky, on-a-budget upstarts, and exactly the way you’d like it to be every year. Balls of all shapes and sizes abound, but we’ve also got hockey sticks, power slams, laser fights and more – and our round up of the best sports games of 2018 are worthwhile additions to your Christmas list or January-sales blowout.\",\"type\":\"unstyled\",\"depth\":0,\"inlineStyleRanges\":[],\"entityRanges\":[],\"data\":{}}],\"entityMap\":{}}','2019-06-18 16:20:56',NULL,13,NULL,NULL,'Those games which do make our past-12-months Hall of Fame are a mix of big-money veterans and plucky, on-a-budget upstarts, and exactly the way you’d like it to be every year. Balls of all shapes and sizes abound, but we’ve also got hockey sticks, power slams, laser fights and more – and our round up of the best sports games of 2018 are worthwhile additions to your Christmas list or January-sales blowout.',NULL,NULL,NULL,NULL,NULL,0,NULL,0,NULL),(20,86,'THE SOLUTION TO IMPROVE YOUR ENGLISH','{\"blocks\":[{\"key\":\"18t4r\",\"text\":\"offers private online English lessons and connects you with tutors all  over the world. You can take classes anywhere, anytime and from any  device, such as computer, smartphone or tablet. We are the number 1  online English school in Japan and offer the best lessons in the market.  Practice conversation every day - That is the best way to improve your  English.\",\"type\":\"unstyled\",\"depth\":0,\"inlineStyleRanges\":[],\"entityRanges\":[],\"data\":{}}],\"entityMap\":{}}','2019-06-19 14:40:36',NULL,18,NULL,NULL,'offers private online English lessons and connects you with tutors all  over the world. You can take classes anywhere, anytime and from any  device, such as computer, smartphone or tablet. We are the number 1  online English school in Japan and offer the best lessons in the market.  Practice conversation every day - That is the best way to improve your  English.',NULL,NULL,NULL,NULL,NULL,0,NULL,0,NULL),(21,78,'How To Accept a Compliment (Without Feeling Awkward)','{\"blocks\":[{\"key\":\"34n9a\",\"text\":\"For a lot of people, when we receive a compliment we tend to deflect Our first response is to disagreer deny.  with whatever is being said because it makes us uncomfortable or because we genuinely disagree. And what’s worse is we often add a self-insult to further ‘prove’ that we don’t deserve the compliment. Reactions like this can make us come across as insecure and not confident in who we are and what we have to offer. Rather than reacting awkwardly to a compliment, try a few of these tricks to be able to accept a compliment without sounding like you speak another language.\",\"type\":\"unstyled\",\"depth\":0,\"inlineStyleRanges\":[{\"offset\":0,\"length\":21,\"style\":\"BOLD\"},{\"offset\":311,\"length\":10,\"style\":\"BOLD\"},{\"offset\":20,\"length\":17,\"style\":\"ITALIC\"},{\"offset\":69,\"length\":35,\"style\":\"ITALIC\"},{\"offset\":69,\"length\":35,\"style\":\"UNDERLINE\"}],\"entityRanges\":[],\"data\":{}}],\"entityMap\":{}}','2019-06-19 15:50:39',NULL,8,NULL,NULL,'For a lot of people, when we receive a compliment we tend to deflect Our first response is to disagreer deny.  with whatever is being said because it makes us uncomfortable or because we genuinely disagree. And what’s worse is we often add a self-insult to further ‘prove’ that we don’t deserve the compliment. Reactions like this can make us come across as insecure and not confident in who we are and what we have to offer. Rather than reacting awkwardly to a compliment, try a few of these tricks to be able to accept a compliment without sounding like you speak another language.',NULL,NULL,NULL,NULL,NULL,0,NULL,0,NULL),(23,30,'test test','{\"blocks\":[{\"key\":\"eh4cn\",\"text\":\"This makes it a good idea to position your bed in a location next to, or opposite the window. In the evening you can use candlelight instead of fluorescent lighting to help induce a sleepy feeling (plus they feel warm and cosy). Ensure that any candles are contained within a mason jar and kept away from any flammable objects or materials. Also be sure to blow them out before falling asleep. If you don’t want to use candles, select a pearlescent light bulb, which offers a soft glow. This makes it a good idea to position your bed in a location next to, or opposite the window. In the evening you can use candlelight instead of fluorescent lighting to help induce a sleepy feeling (plus they feel warm and cosy). Ensure that any candles are contained within a mason jar and kept away from any flammable objects or materials. Also be sure to blow them out before falling asleep. If you don’t want to use candles, select a pearlescent light bulb, which offers a soft glow.This makes it a good idea to position your bed in a location next to, or opposite the window. In the evening you can use candlelight instead of fluorescent lighting to help induce a sleepy feeling (plus they feel warm and cosy). Ensure that any candles are contained within a mason jar and kept away from any flammable objects or materials. Also be sure to blow them out before falling asleep. If you don’t want to use candles, select a pearlescent light bulb, which offers a soft glow.This makes it a good idea to position your bed in a location next to, or opposite the window. In the evening you can use candlelight instead of fluorescent lighting to help induce a sleepy feeling (plus they feel warm and cosy). Ensure that any candles are contained within a mason jar and kept away from any flammable objects or materials. Also be sure to blow them out before falling asleep. If you don’t want to use candles, select a pearlescent light bulb, which offers a soft glow.This makes it a good idea to position your bed in a location next to, or opposite the window. In the evening you can use candlelight instead of fluorescent lighting to help induce a sleepy feeling (plus they feel warm and cosy). Ensure that any candles are contained within a mason jar and kept away from any flammable objects or materials. Also be sure to blow them out before falling asleep. If you don’t want to use candles, select a pearlescent light bulb, which offers a soft glow.This makes it a good idea to position your bed in a location next to, or opposite the window. In the evening you can use candlelight instead of fluorescent lighting to help induce a sleepy feeling (plus they feel warm and cosy). Ensure that any candles are contained within a mason jar and kept away from any flammable objects or materials. Also be sure to blow them out before falling asleep. If you don’t want to use candles, select a pearlescent light bulb, which offers a soft glow.\",\"type\":\"unstyled\",\"depth\":0,\"inlineStyleRanges\":[],\"entityRanges\":[],\"data\":{}}],\"entityMap\":{}}','2019-06-19 16:05:11',NULL,13,NULL,NULL,'This makes it a good idea to position your bed in a location next to, or opposite the window. In the evening you can use candlelight instead of fluorescent lighting to help induce a sleepy feeling (plus they feel warm and cosy). Ensure that any candles are contained within a mason jar and kept away from any flammable objects or materials. Also be sure to blow them out before falling asleep. If you don’t want to use candles, select a pearlescent light bulb, which offers a soft glow. This makes it a good idea to position your bed in a location next to, or opposite the window. In the evening you can use candlelight instead of fluorescent lighting to help induce a sleepy feeling (plus they feel warm and cosy). Ensure that any candles are contained within a mason jar and kept away from any flammable objects or materials. Also be sure to blow them out before falling asleep. If you don’t want to use candles, select a pearlescent light bulb, which offers a soft glow.This makes it a good idea to position your bed in a location next to, or opposite the window. In the evening you can use candlelight instead of fluorescent lighting to help induce a sleepy feeling (plus they feel warm and cosy). Ensure that any candles are contained within a mason jar and kept away from any flammable objects or materials. Also be sure to blow them out before falling asleep. If you don’t want to use candles, select a pearlescent light bulb, which offers a soft glow.This makes it a good idea to position your bed in a location next to, or opposite the window. In the evening you can use candlelight instead of fluorescent lighting to help induce a sleepy feeling (plus they feel warm and cosy). Ensure that any candles are contained within a mason jar and kept away from any flammable objects or materials. Also be sure to blow them out before falling asleep. If you don’t want to use candles, select a pearlescent light bulb, which offers a soft glow.This makes it a good idea to position your bed in a location next to, or opposite the window. In the evening you can use candlelight instead of fluorescent lighting to help induce a sleepy feeling (plus they feel warm and cosy). Ensure that any candles are contained within a mason jar and kept away from any flammable objects or materials. Also be sure to blow them out before falling asleep. If you don’t want to use candles, select a pearlescent light bulb, which offers a soft glow.This makes it a good idea to position your bed in a location next to, or opposite the window. In the evening you can use candlelight instead of fluorescent lighting to help induce a sleepy feeling (plus they feel warm and cosy). Ensure that any candles are contained within a mason jar and kept away from any flammable objects or materials. Also be sure to blow them out before falling asleep. If you don’t want to use candles, select a pearlescent light bulb, which offers a soft glow.',NULL,NULL,NULL,NULL,NULL,0,NULL,0,NULL),(26,85,'Etondigital','{\"blocks\":[{\"key\":\"5giv\",\"text\":\"Nice company \",\"type\":\"unstyled\",\"depth\":0,\"inlineStyleRanges\":[],\"entityRanges\":[],\"data\":{}}],\"entityMap\":{}}','2019-06-20 01:05:54',NULL,11,NULL,NULL,'Nice company',NULL,NULL,'http://etondigital.com',NULL,NULL,0,NULL,0,NULL),(27,85,'Audio file','{\"blocks\":[{\"key\":\"b0ktv\",\"text\":\"Mp3 file recorded for testing purposes only\",\"type\":\"unstyled\",\"depth\":0,\"inlineStyleRanges\":[],\"entityRanges\":[],\"data\":{}}],\"entityMap\":{}}','2019-06-20 07:40:39',NULL,11,NULL,NULL,'Mp3 file recorded for testing purposes only',NULL,NULL,NULL,'http://res.cloudinary.com/eton-digital-ltd/video/upload/v1561009200/pledgr-docs/k51ydyt8dfjvn5e9g1jl.mp3',NULL,0,NULL,0,NULL),(28,85,'Back home','{\"blocks\":[{\"key\":\"kdvt\",\"text\":\"I wish I was back home in Derry\",\"type\":\"unstyled\",\"depth\":0,\"inlineStyleRanges\":[],\"entityRanges\":[],\"data\":{}}],\"entityMap\":{}}','2019-06-20 07:44:32',NULL,11,'https://www.youtube.com/watch?v=EfQl0uK9Xk4',NULL,'I wish I was back home in Derry',NULL,NULL,NULL,NULL,NULL,0,NULL,0,NULL),(29,85,'WD 191','{\"blocks\":[{\"key\":\"ej7q1\",\"text\":\"Walking dead #191\",\"type\":\"unstyled\",\"depth\":0,\"inlineStyleRanges\":[],\"entityRanges\":[],\"data\":{}}],\"entityMap\":{}}','2019-06-20 07:47:11',NULL,11,NULL,NULL,'Walking dead #191',NULL,NULL,'https://mega.nz/#!kthGmI4C!Z3wxwTDmivuuPtCChGBh10i4NuWsdYkqkj9os6eAydE',NULL,NULL,0,NULL,0,NULL),(30,87,'The image of a white horse','{\"blocks\":[{\"key\":\"3tsv1\",\"text\":\"Lorem ipsum dolor sit amet, consectetur adipiscing elit, sed do eiusmod tempor incididunt ut labore et dolore magna aliqua. Ut enim ad minim veniam, quis nostrud exercitation ullamco laboris nisi ut aliquip ex ea commodo consequat. Duis aute irure dolor in reprehenderit in voluptate velit esse cillum dolore eu fugiat nulla pariatur. Excepteur sint occaecat cupidatat non proident, sunt in culpa qui officia deserunt mollit anim id est laborum. \",\"type\":\"unstyled\",\"depth\":0,\"inlineStyleRanges\":[{\"offset\":0,\"length\":12,\"style\":\"UNDERLINE\"},{\"offset\":430,\"length\":16,\"style\":\"BOLD\"}],\"entityRanges\":[],\"data\":{}}],\"entityMap\":{}}','2019-06-20 08:31:52',NULL,23,NULL,'http://res.cloudinary.com/eton-digital-ltd/raw/upload/v1561012283/pledgr-docs/u0hlhiuuravnrdeigz8h.jpg','Lorem ipsum dolor sit amet, consectetur adipiscing elit, sed do eiusmod tempor incididunt ut labore et dolore magna aliqua. Ut enim ad minim veniam, quis nostrud exercitation ullamco laboris nisi ut aliquip ex ea commodo consequat. Duis aute irure dolor in reprehenderit in voluptate velit esse cillum dolore eu fugiat nulla pariatur. Excepteur sint occaecat cupidatat non proident, sunt in culpa qui officia deserunt mollit anim id est laborum.','http://res.cloudinary.com/eton-digital-ltd/image/upload/v1561012112/post-images/rxz1qbxwzpmy6sn5yzbf.jpg',NULL,NULL,NULL,NULL,0,NULL,0,NULL),(31,87,'A song by Nirvana','{\"blocks\":[{\"key\":\"7pgns\",\"text\":\"This is a great song\",\"type\":\"unstyled\",\"depth\":0,\"inlineStyleRanges\":[],\"entityRanges\":[],\"data\":{}}],\"entityMap\":{}}','2019-06-20 08:34:44',NULL,23,'https://www.youtube.com/watch?v=HcDSfL3mhFI',NULL,'This is a great song',NULL,NULL,NULL,NULL,NULL,0,NULL,0,NULL),(32,87,'Facebook video','{\"blocks\":[{\"key\":\"hqin\",\"text\":\"Funny video\",\"type\":\"unstyled\",\"depth\":0,\"inlineStyleRanges\":[],\"entityRanges\":[],\"data\":{}},{\"key\":\"dnno7\",\"text\":\"\",\"type\":\"unstyled\",\"depth\":0,\"inlineStyleRanges\":[],\"entityRanges\":[],\"data\":{}},{\"key\":\"71u2p\",\"text\":\"\",\"type\":\"unstyled\",\"depth\":0,\"inlineStyleRanges\":[],\"entityRanges\":[],\"data\":{}},{\"key\":\"1lii5\",\"text\":\" \",\"type\":\"atomic\",\"depth\":0,\"inlineStyleRanges\":[],\"entityRanges\":[{\"offset\":0,\"length\":1,\"key\":0}],\"data\":{}},{\"key\":\"csa3o\",\"text\":\"\",\"type\":\"unstyled\",\"depth\":0,\"inlineStyleRanges\":[],\"entityRanges\":[],\"data\":{}}],\"entityMap\":{\"0\":{\"type\":\"image\",\"mutability\":\"IMMUTABLE\",\"data\":{\"src\":\"http://res.cloudinary.com/eton-digital-ltd/image/upload/v1561012612/post-images/taqchiyghuesi2ntk7if.jpg\"}}}}','2019-06-20 08:37:00',NULL,24,'https://www.facebook.com/DailyViralEpisode/videos/365629233976560/',NULL,'Funny video',NULL,NULL,NULL,NULL,NULL,0,NULL,0,NULL),(33,87,'Lorem ipsum','{\"blocks\":[{\"key\":\"fn629\",\"text\":\" Sed ut perspiciatis unde omnis iste natus error sit voluptatem accusantium doloremque laudantium, totam rem aperiam, eaque ipsa quae ab illo inventore veritatis et quasi architecto beatae vitae dicta sunt explicabo. Nemo enim ipsam voluptatem quia voluptas sit aspernatur aut odit aut fugit, sed quia consequuntur magni dolores eos qui ratione voluptatem sequi nesciunt. Neque porro quisquam est, qui dolorem ipsum quia dolor sit amet, consectetur, adipisci velit, sed quia non numquam eius modi tempora incidunt ut labore et dolore magnam aliquam quaerat voluptatem. Ut enim ad minima veniam, quis nostrum exercitationem ullam corporis suscipit laboriosam, nisi ut aliquid ex ea commodi consequatur? Quis autem vel eum iure reprehenderit qui in ea voluptate velit esse quam nihil molestiae consequatur, vel illum qui dolorem eum fugiat quo voluptas nulla pariatur \",\"type\":\"unstyled\",\"depth\":0,\"inlineStyleRanges\":[],\"entityRanges\":[],\"data\":{}}],\"entityMap\":{}}','2019-06-20 08:41:55',NULL,23,NULL,NULL,'Sed ut perspiciatis unde omnis iste natus error sit voluptatem accusantium doloremque laudantium, totam rem aperiam, eaque ipsa quae ab illo inventore veritatis et quasi architecto beatae vitae dicta sunt explicabo. Nemo enim ipsam voluptatem quia voluptas sit aspernatur aut odit aut fugit, sed quia consequuntur magni dolores eos qui ratione voluptatem sequi nesciunt. Neque porro quisquam est, qui dolorem ipsum quia dolor sit amet, consectetur, adipisci velit, sed quia non numquam eius modi tempora incidunt ut labore et dolore magnam aliquam quaerat voluptatem. Ut enim ad minima veniam, quis nostrum exercitationem ullam corporis suscipit laboriosam, nisi ut aliquid ex ea commodi consequatur? Quis autem vel eum iure reprehenderit qui in ea voluptate velit esse quam nihil molestiae consequatur, vel illum qui dolorem eum fugiat quo voluptas nulla pariatur',NULL,NULL,'https://www.lipsum.com/',NULL,NULL,0,NULL,0,NULL),(34,87,'Test','{\"blocks\":[{\"key\":\"57ijs\",\"text\":\"Test\",\"type\":\"unstyled\",\"depth\":0,\"inlineStyleRanges\":[],\"entityRanges\":[],\"data\":{}},{\"key\":\"721u\",\"text\":\"\",\"type\":\"unstyled\",\"depth\":0,\"inlineStyleRanges\":[],\"entityRanges\":[],\"data\":{}},{\"key\":\"fmpl1\",\"text\":\"Test\",\"type\":\"unstyled\",\"depth\":0,\"inlineStyleRanges\":[],\"entityRanges\":[],\"data\":{}},{\"key\":\"88np6\",\"text\":\"\",\"type\":\"unstyled\",\"depth\":0,\"inlineStyleRanges\":[],\"entityRanges\":[],\"data\":{}},{\"key\":\"592c8\",\"text\":\"Test\",\"type\":\"unstyled\",\"depth\":0,\"inlineStyleRanges\":[],\"entityRanges\":[],\"data\":{}}],\"entityMap\":{}}','2019-06-20 09:45:34',NULL,23,NULL,NULL,'Test\n\nTest\n\nTest',NULL,NULL,NULL,NULL,NULL,0,NULL,0,NULL),(35,78,'MATERIAL','{\"blocks\":[{\"key\":\"3b0p2\",\"text\":\"The product wasn\'t a commercial success\",\"type\":\"unstyled\",\"depth\":0,\"inlineStyleRanges\":[{\"offset\":12,\"length\":19,\"style\":\"BOLD\"},{\"offset\":12,\"length\":20,\"style\":\"ITALIC\"}],\"entityRanges\":[],\"data\":{}}],\"entityMap\":{}}','2019-06-26 10:53:21',NULL,7,NULL,NULL,'The product wasn\'t a commercial success',NULL,NULL,'https://engoo.com/app/materials/en',NULL,NULL,0,NULL,0,NULL),(36,78,'Sign me up for new recipes!','{\"blocks\":[{\"key\":\"37bnt\",\"text\":\"Today’s recipe is an effortless and fun twist on the classic shortbread – a delicious savory shortbread cookie! These Thyme and Cheddar Cheese Savory Shortbread Cookies are just as amazing as they sound! They are great as a party appetizer or even for your cheese board.\",\"type\":\"unstyled\",\"depth\":0,\"inlineStyleRanges\":[{\"offset\":0,\"length\":189,\"style\":\"BOLD\"},{\"offset\":202,\"length\":28,\"style\":\"BOLD\"}],\"entityRanges\":[],\"data\":{}},{\"key\":\"dmllv\",\"text\":\"Plus, these cheddar cheese cookies come together in a cinch and can even be made in a food processor.\",\"type\":\"unstyled\",\"depth\":0,\"inlineStyleRanges\":[{\"offset\":0,\"length\":101,\"style\":\"BOLD\"}],\"entityRanges\":[],\"data\":{}}],\"entityMap\":{}}','2019-06-26 11:02:31',NULL,8,NULL,NULL,'Today’s recipe is an effortless and fun twist on the classic shortbread – a delicious savory shortbread cookie! These Thyme and Cheddar Cheese Savory Shortbread Cookies are just as amazing as they sound! They are great as a party appetizer or even for your cheese board.\nPlus, these cheddar cheese cookies come together in a cinch and can even be made in a food processor.','http://res.cloudinary.com/eton-digital-ltd/image/upload/v1561539483/post-images/hctc3qtpdiyklamrtckh.jpg',NULL,NULL,NULL,NULL,0,NULL,0,NULL),(37,29,'Sherri Hill  Collection Fall/Winter 2018/2019','{\"blocks\":[{\"key\":\"1qlkb\",\"text\":\"Sherri Hill fashion show is one of those shows, where you just can’t take your eyes off for a single moment. Every single dress is breathtaking, and each year the styles are nothing short of spectacular. Her exclusive 2018/2019 collection embodies a fresh, modern, and feminine look featuring statement details such as bold shades of red, intricate beadwork, large floral patterns and fringe. Sherri Hill adds a touch of utter glamour to her designs by incorporating luxurious fabrics with dazzling embellishments. From gorgeous ball gowns, figure-flattering formal dresses to fun two-piece designs and flirty cocktail dresses, Sherri Hill strives to create collection that allows every woman to show her uniqueness and personal style. \",\"type\":\"unstyled\",\"depth\":0,\"inlineStyleRanges\":[{\"offset\":68,\"length\":86,\"style\":\"BOLD\"},{\"offset\":547,\"length\":189,\"style\":\"ITALIC\"}],\"entityRanges\":[],\"data\":{}}],\"entityMap\":{}}','2019-06-26 11:14:40',NULL,20,'https://www.youtube.com/watch?v=FHno0ieKab0',NULL,'Sherri Hill fashion show is one of those shows, where you just can’t take your eyes off for a single moment. Every single dress is breathtaking, and each year the styles are nothing short of spectacular. Her exclusive 2018/2019 collection embodies a fresh, modern, and feminine look featuring statement details such as bold shades of red, intricate beadwork, large floral patterns and fringe. Sherri Hill adds a touch of utter glamour to her designs by incorporating luxurious fabrics with dazzling embellishments. From gorgeous ball gowns, figure-flattering formal dresses to fun two-piece designs and flirty cocktail dresses, Sherri Hill strives to create collection that allows every woman to show her uniqueness and personal style.',NULL,NULL,NULL,NULL,NULL,0,NULL,0,NULL),(38,29,'audio','{\"blocks\":[{\"key\":\"3jhq8\",\"text\":\"test\",\"type\":\"unstyled\",\"depth\":0,\"inlineStyleRanges\":[],\"entityRanges\":[],\"data\":{}}],\"entityMap\":{}}','2019-06-26 11:22:54',NULL,20,NULL,NULL,'test','http://res.cloudinary.com/eton-digital-ltd/image/upload/v1561540627/post-images/pcdwuhszmhlkyyw6x85z.jpg',NULL,NULL,'http://res.cloudinary.com/eton-digital-ltd/video/upload/v1561540906/pledgr-docs/dvkb4b9ozqu9n8abn8qq.mp3',NULL,0,NULL,0,NULL),(39,86,'Application of Themes','{\"blocks\":[{\"key\":\"75pj0\",\"text\":\"With the Industrial Revolution, the increasing availability of new  building materials such as iron, steel, and sheet glass drove the  invention of equally new building techniques. In 1796, Shrewsbury mill  owner Charles Bage first used his “fireproof” design, which relied on  cast iron and brick with flagstone floors. Such construction greatly  strengthened the structure of mills, which enabled them to accommodate  much bigger machines. Due to poor knowledge of iron’s properties as a  construction material, a number of early mills collapsed. It was not  until the early 1830s that Eaton Hodgkinson introduced the section beam,  leading to widespread use of iron construction.\",\"type\":\"unstyled\",\"depth\":0,\"inlineStyleRanges\":[],\"entityRanges\":[],\"data\":{}},{\"key\":\"6vom0\",\"text\":\"This kind of austere industrial architecture utterly transformed the  landscape of northern Britain, leading the poet William Blake to  describe places like Manchester and parts of West Yorkshire as “Dark  satanic mills.” The Crystal Palace, designed by Joseph Paxton for the  Great Exhibition of 1851, was an early example of iron and glass  construction. It was followed in 1864 by the first glass and metal  curtain wall. A further development was that of the steel-framed  skyscraper in Chicago, introduced around 1890 by William Le Baron Jenney  and Louis Sullivan.\",\"type\":\"unstyled\",\"depth\":0,\"inlineStyleRanges\":[],\"entityRanges\":[],\"data\":{}}],\"entityMap\":{}}','2019-06-26 15:02:52',NULL,18,NULL,NULL,'With the Industrial Revolution, the increasing availability of new  building materials such as iron, steel, and sheet glass drove the  invention of equally new building techniques. In 1796, Shrewsbury mill  owner Charles Bage first used his “fireproof” design, which relied on  cast iron and brick with flagstone floors. Such construction greatly  strengthened the structure of mills, which enabled them to accommodate  much bigger machines. Due to poor knowledge of iron’s properties as a  construction material, a number of early mills collapsed. It was not  until the early 1830s that Eaton Hodgkinson introduced the section beam,  leading to widespread use of iron construction.\nThis kind of austere industrial architecture utterly transformed the  landscape of northern Britain, leading the poet William Blake to  describe places like Manchester and parts of West Yorkshire as “Dark  satanic mills.” The Crystal Palace, designed by Joseph Paxton for the  Great Exhibition of 1851, was an early example of iron and glass  construction. It was followed in 1864 by the first glass and metal  curtain wall. A further development was that of the steel-framed  skyscraper in Chicago, introduced around 1890 by William Le Baron Jenney  and Louis Sullivan.','http://res.cloudinary.com/eton-digital-ltd/image/upload/v1561554106/post-images/flyp4vklenfyzifmodbk.jpg',NULL,NULL,NULL,NULL,0,NULL,0,NULL),(41,89,'drag','{\"blocks\":[{\"key\":\"fkah6\",\"text\":\"on\",\"type\":\"unstyled\",\"depth\":0,\"inlineStyleRanges\":[{\"offset\":0,\"length\":2,\"style\":\"BOLD\"},{\"offset\":0,\"length\":2,\"style\":\"UNDERLINE\"},{\"offset\":0,\"length\":2,\"style\":\"ITALIC\"}],\"entityRanges\":[],\"data\":{}}],\"entityMap\":{}}','2019-07-05 12:51:27','2019-07-05 12:51:27',25,NULL,'http://res.cloudinary.com/eton-digital-ltd/raw/upload/v1562323797/pledgr-docs/nkf6ycclnuv6zge7v8yw.txt','on','http://res.cloudinary.com/eton-digital-ltd/image/upload/v1562323750/post-images/wndxg0cubkmbqpq6aito.png',NULL,NULL,NULL,NULL,0,NULL,0,NULL),(42,89,'Character','{\"blocks\":[{\"key\":\"91cio\",\"text\":\"game character\",\"type\":\"unstyled\",\"depth\":0,\"inlineStyleRanges\":[{\"offset\":0,\"length\":14,\"style\":\"BOLD\"},{\"offset\":0,\"length\":14,\"style\":\"ITALIC\"}],\"entityRanges\":[],\"data\":{}}],\"entityMap\":{}}','2019-07-08 14:16:33','2019-07-08 14:16:33',25,NULL,NULL,'game character','http://res.cloudinary.com/eton-digital-ltd/image/upload/v1562588167/post-images/esut5ymlhwvrmxhwfxtt.jpg',NULL,NULL,NULL,NULL,0,NULL,0,NULL),(64,87,'Regular post','{\"blocks\":[{\"key\":\"2c302\",\"text\":\"Ne radu bageri\",\"type\":\"unstyled\",\"depth\":0,\"inlineStyleRanges\":[],\"entityRanges\":[],\"data\":{}}],\"entityMap\":{}}','2019-07-09 14:30:22','2019-07-09 14:30:22',24,NULL,NULL,'Ne radu bageri',NULL,NULL,NULL,NULL,NULL,0,NULL,0,NULL),(81,30,'POLLS TEST','{\"blocks\":[{\"key\":\"194tc\",\"text\":\"Giveaway on the blog and promote the event on all Social Media channels,  if the brand/product is a good fit with my blog and my readers.\",\"type\":\"unstyled\",\"depth\":0,\"inlineStyleRanges\":[],\"entityRanges\":[],\"data\":{}}],\"entityMap\":{}}','2019-07-10 13:37:25','2019-07-10 13:37:25',13,NULL,NULL,'Giveaway on the blog and promote the event on all Social Media channels,  if the brand/product is a good fit with my blog and my readers.',NULL,NULL,NULL,NULL,1,0,NULL,3,NULL),(87,30,'Polls Polls','{\"blocks\":[{\"key\":\"99csu\",\"text\":\"text polls\",\"type\":\"unstyled\",\"depth\":0,\"inlineStyleRanges\":[],\"entityRanges\":[],\"data\":{}},{\"key\":\"40eeu\",\"text\":\"text polls\",\"type\":\"unstyled\",\"depth\":0,\"inlineStyleRanges\":[],\"entityRanges\":[],\"data\":{}},{\"key\":\"5844v\",\"text\":\"123\",\"type\":\"unstyled\",\"depth\":0,\"inlineStyleRanges\":[],\"entityRanges\":[],\"data\":{}}],\"entityMap\":{}}','2019-07-11 11:35:40','2019-07-11 11:35:40',13,NULL,NULL,'text polls\ntext polls\n123',NULL,NULL,NULL,NULL,1,0,NULL,3,NULL),(89,29,'hello world','{\"blocks\":[{\"key\":\"2f7f\",\"text\":\"tekst\",\"type\":\"unstyled\",\"depth\":0,\"inlineStyleRanges\":[],\"entityRanges\":[],\"data\":{}}],\"entityMap\":{}}','2019-07-11 14:35:20','2019-07-11 14:35:20',20,NULL,NULL,'tekst','https://www.google.com/url?sa=i&rct=j&q=&esrc=s&source=images&cd=&ved=2ahUKEwim-5WT8KzjAhVIIlAKHbVvBtoQjRx6BAgBEAU&url=https%3A%2F%2Ftwitter.com%2Fstem_tgas&psig=AOvVaw36ugn5NTaQDYQtvLxSTMQP&ust=1562934841845383',NULL,NULL,'http://res.cloudinary.com/eton-digital-ltd/video/upload/v1562848514/pledgr-docs/c2zoszljexs9s309pstk.mp3',2,0,NULL,4,NULL),(90,29,'Full-on collaboration  between mind and body','{\"blocks\":[{\"key\":\"35ard\",\"text\":\"Laughter just might be the most contagious of all emotional experiences. What\'s more, it is a full-on collaboration  between mind and body. Although laughter is one of the distinguishing  features of human beings, little is known about the mechanisms behind  it.\",\"type\":\"unstyled\",\"depth\":0,\"inlineStyleRanges\":[],\"entityRanges\":[{\"offset\":102,\"length\":13,\"key\":0}],\"data\":{}}],\"entityMap\":{\"0\":{\"type\":\"LINK\",\"mutability\":\"MUTABLE\",\"data\":{\"href\":\"https://www.psychologytoday.com/us/basics/teamwork\",\"title\":\"Psychology Today looks at collaboration\",\"url\":\"https://www.psychologytoday.com/us/basics/teamwork\"}}}}','2019-07-11 14:43:24','2019-07-11 14:43:24',20,NULL,NULL,'Laughter just might be the most contagious of all emotional experiences. What\'s more, it is a full-on collaboration  between mind and body. Although laughter is one of the distinguishing  features of human beings, little is known about the mechanisms behind  it.','http://res.cloudinary.com/eton-digital-ltd/image/upload/v1562848866/post-images/uyicwn7rubdzf0fahg8f.jpg',NULL,NULL,'http://res.cloudinary.com/eton-digital-ltd/video/upload/v1562848855/pledgr-docs/qtst4c2ypoklakpsfni6.mp3',3,0,NULL,4,NULL),(91,29,'From Whale Hunting to Whale Watching','{\"blocks\":[{\"key\":\"fjkcn\",\"text\":\"Courage and adventure are two words that mark the Azorean people and this activity. Courage to face the greatest animal in the world, adventure by doing it in small boats.The men threw themselves into the sea with their harpoons, not knowing whether they\",\"type\":\"unstyled\",\"depth\":0,\"inlineStyleRanges\":[{\"offset\":0,\"length\":22,\"style\":\"BOLD\"},{\"offset\":132,\"length\":39,\"style\":\"BOLD\"}],\"entityRanges\":[],\"data\":{}},{\"key\":\"2jj4i\",\"text\":\" \",\"type\":\"atomic\",\"depth\":0,\"inlineStyleRanges\":[],\"entityRanges\":[{\"offset\":0,\"length\":1,\"key\":0}],\"data\":{}},{\"key\":\"92tn1\",\"text\":\"\",\"type\":\"unstyled\",\"depth\":0,\"inlineStyleRanges\":[],\"entityRanges\":[],\"data\":{}},{\"key\":\"2u48h\",\"text\":\" \",\"type\":\"atomic\",\"depth\":0,\"inlineStyleRanges\":[],\"entityRanges\":[{\"offset\":0,\"length\":1,\"key\":1}],\"data\":{}},{\"key\":\"8jbcu\",\"text\":\"\",\"type\":\"unstyled\",\"depth\":0,\"inlineStyleRanges\":[],\"entityRanges\":[],\"data\":{}}],\"entityMap\":{\"0\":{\"type\":\"image\",\"mutability\":\"IMMUTABLE\",\"data\":{\"src\":\"http://res.cloudinary.com/eton-digital-ltd/image/upload/v1562849381/post-images/vaxd97pqutzjxoqsihgp.jpg\"}},\"1\":{\"type\":\"draft-js-video-plugin-video\",\"mutability\":\"IMMUTABLE\",\"data\":{\"src\":\"https://youtu.be/RFY2nraBYSY\"}}}}','2019-07-11 14:50:48','2019-07-11 14:50:48',20,'https://www.youtube.com/watch?v=RFY2nraBYSY',NULL,'Courage and adventure are two words that mark the Azorean people and this activity. Courage to face the greatest animal in the world, adventure by doing it in small boats.The men threw themselves into the sea with their harpoons, not knowing whether they',NULL,NULL,NULL,NULL,1,0,NULL,2,NULL),(92,29,'post post','{\"blocks\":[{\"key\":\"c0slh\",\"text\":\"ovde ide tekst\",\"type\":\"unstyled\",\"depth\":0,\"inlineStyleRanges\":[],\"entityRanges\":[],\"data\":{}}],\"entityMap\":{}}','2019-07-11 15:13:44','2019-07-11 15:13:44',20,NULL,NULL,'ovde ide tekst','https://s3-us-west-2.amazonaws.com/uw-s3-cdn/wp-content/uploads/sites/6/2017/11/04133712/waterfall.jpg',NULL,NULL,'http://res.cloudinary.com/eton-digital-ltd/video/upload/v1562850778/pledgr-docs/yjmrw4l6fyfjqgmbswoe.mp3',1,1,NULL,4,NULL),(93,29,'Perfect!','{\"blocks\":[{\"key\":\"1j0dq\",\"text\":\"dadadadadadaa\",\"type\":\"unstyled\",\"depth\":0,\"inlineStyleRanges\":[],\"entityRanges\":[],\"data\":{}}],\"entityMap\":{}}','2019-07-11 15:15:30','2019-07-11 15:15:30',20,NULL,NULL,'dadadadadadaa','https://www.google.com/url?sa=i&source=images&cd=&ved=2ahUKEwjIg_Xu-KzjAhWCLlAKHQAtBdgQjRx6BAgBEAU&url=https%3A%2F%2Fwww.washington.edu%2Fnews%2F2017%2F11%2F15%2Fwhat-counts-as-nature-it-all-depends%2F&psig=AOvVaw0BEUu29Miyow8A4QYJhLfU&ust=1562937182633665',NULL,NULL,'http://res.cloudinary.com/eton-digital-ltd/video/upload/v1562850893/pledgr-docs/bkr1mx25n5q9g0fzufuo.mp3',3,1,NULL,4,NULL),(94,29,'Gift gift','{\"blocks\":[{\"key\":\"e9cu9\",\"text\":\"yeah gift\",\"type\":\"unstyled\",\"depth\":0,\"inlineStyleRanges\":[],\"entityRanges\":[],\"data\":{}},{\"key\":\"bou8h\",\"text\":\"gift \",\"type\":\"unstyled\",\"depth\":0,\"inlineStyleRanges\":[{\"offset\":0,\"length\":5,\"style\":\"BOLD\"}],\"entityRanges\":[],\"data\":{}},{\"key\":\"917p6\",\"text\":\"!!!\",\"type\":\"unstyled\",\"depth\":0,\"inlineStyleRanges\":[{\"offset\":0,\"length\":3,\"style\":\"BOLD\"}],\"entityRanges\":[],\"data\":{}}],\"entityMap\":{}}','2019-07-11 16:17:24','2019-07-11 16:17:24',20,NULL,NULL,'yeah gift\ngift \n!!!','https://www.giftcart.com/pub/media/wysiwyg/menu/occasionbox_300.jpg',NULL,NULL,'http://res.cloudinary.com/eton-digital-ltd/video/upload/v1562854614/pledgr-docs/il9bnlbrm3ll5ogejqvs.mp3',2,1,NULL,4,NULL),(96,86,'Language and Travel Blog','{\"blocks\":[{\"key\":\"flgrd\",\"text\":\"For centuries, the Basque language didn’t have its own orthography so  the Latin alphabet and its spelling conventions were adopted. \",\"type\":\"unstyled\",\"depth\":0,\"inlineStyleRanges\":[],\"entityRanges\":[],\"data\":{}},{\"key\":\"5klct\",\"text\":\"\",\"type\":\"unstyled\",\"depth\":0,\"inlineStyleRanges\":[],\"entityRanges\":[],\"data\":{}},{\"key\":\"bcslh\",\"text\":\"\",\"type\":\"unstyled\",\"depth\":0,\"inlineStyleRanges\":[],\"entityRanges\":[],\"data\":{}},{\"key\":\"21koa\",\"text\":\"\",\"type\":\"unstyled\",\"depth\":0,\"inlineStyleRanges\":[],\"entityRanges\":[],\"data\":{}},{\"key\":\"1ggrv\",\"text\":\"For  certain sounds that didn’t exist in the Latin alphabet, these were  supplemented by using additional devices to recreate and emulate them.\",\"type\":\"unstyled\",\"depth\":0,\"inlineStyleRanges\":[{\"offset\":77,\"length\":43,\"style\":\"BOLD\"}],\"entityRanges\":[],\"data\":{}},{\"key\":\"7mrk7\",\"text\":\"Because  the Latin alphabet was used, the Basque alphabet\",\"type\":\"unstyled\",\"depth\":0,\"inlineStyleRanges\":[{\"offset\":18,\"length\":39,\"style\":\"ITALIC\"}],\"entityRanges\":[],\"data\":{}},{\"key\":\"5vn9p\",\"text\":\" \",\"type\":\"atomic\",\"depth\":0,\"inlineStyleRanges\":[],\"entityRanges\":[{\"offset\":0,\"length\":1,\"key\":0}],\"data\":{}},{\"key\":\"3ekch\",\"text\":\" uses the same letters  as the English alphabet with the addition of the letter ñ which is used after the letter n and before the letter o.\",\"type\":\"unstyled\",\"depth\":0,\"inlineStyleRanges\":[{\"offset\":0,\"length\":139,\"style\":\"ITALIC\"}],\"entityRanges\":[],\"data\":{}},{\"key\":\"7gehl\",\"text\":\"\",\"type\":\"unstyled\",\"depth\":0,\"inlineStyleRanges\":[],\"entityRanges\":[],\"data\":{}},{\"key\":\"fk2kv\",\"text\":\"\",\"type\":\"unstyled\",\"depth\":0,\"inlineStyleRanges\":[],\"entityRanges\":[],\"data\":{}},{\"key\":\"5rue0\",\"text\":\"\",\"type\":\"unstyled\",\"depth\":0,\"inlineStyleRanges\":[],\"entityRanges\":[],\"data\":{}},{\"key\":\"2kqnp\",\"text\":\"Some  letters are only used in loan words and not in genuine Basque words and  are only used to preserve the spelling of foreign words. These letters  are c, q, v, w, and y.\",\"type\":\"unstyled\",\"depth\":0,\"inlineStyleRanges\":[{\"offset\":0,\"length\":52,\"style\":\"ITALIC\"},{\"offset\":155,\"length\":10,\"style\":\"ITALIC\"}],\"entityRanges\":[],\"data\":{}}],\"entityMap\":{\"0\":{\"type\":\"image\",\"mutability\":\"IMMUTABLE\",\"data\":{\"src\":\"http://res.cloudinary.com/eton-digital-ltd/image/upload/v1563199433/post-images/c4ysf2umrqlbphkpg655.jpg\"}}}}','2019-07-15 16:04:18','2019-07-15 16:04:18',18,NULL,NULL,'For centuries, the Basque language didn’t have its own orthography so  the Latin alphabet and its spelling conventions were adopted. \n\n\n\nFor  certain sounds that didn’t exist in the Latin alphabet, these were  supplemented by using additional devices to recreate and emulate them.\nBecause  the Latin alphabet was used, the Basque alphabet\n \n uses the same letters  as the English alphabet with the addition of the letter ñ which is used after the letter n and before the letter o.\n\n\n\nSome  letters are only used in loan words and not in genuine Basque words and  are only used to preserve the spelling of foreign words. These letters  are c, q, v, w, and y.',NULL,NULL,'https://www.theintrepidguide.com',NULL,1,0,NULL,5,NULL),(97,87,'Basketball poll','{\"blocks\":[{\"key\":\"3b4v1\",\"text\":\"Is Michael Jordan best ever?\",\"type\":\"unstyled\",\"depth\":0,\"inlineStyleRanges\":[],\"entityRanges\":[],\"data\":{}}],\"entityMap\":{}}','2019-07-16 08:41:41','2019-07-16 08:41:41',23,NULL,NULL,'Is Michael Jordan best ever?',NULL,NULL,NULL,NULL,NULL,1,NULL,3,NULL),(98,86,'So, how do you choose?','{\"blocks\":[{\"key\":\"ddvsj\",\"text\":\"What you need is a trusted agent to offer recommendations based on  experience … recommendations that will help you make better choices from  the beginning, so you can save time and money while preserving your  peace of mind. And of course, you want to pick tools that help you  multiply your success.\",\"type\":\"unstyled\",\"depth\":0,\"inlineStyleRanges\":[],\"entityRanges\":[],\"data\":{}}],\"entityMap\":{}}','2019-07-16 09:12:49','2019-07-16 09:12:49',17,NULL,NULL,'What you need is a trusted agent to offer recommendations based on  experience … recommendations that will help you make better choices from  the beginning, so you can save time and money while preserving your  peace of mind. And of course, you want to pick tools that help you  multiply your success.',NULL,NULL,NULL,NULL,1,2,NULL,3,NULL),(99,87,'Baseball','{\"blocks\":[{\"key\":\"2jh42\",\"text\":\"Who is the best player of all time?\",\"type\":\"unstyled\",\"depth\":0,\"inlineStyleRanges\":[],\"entityRanges\":[],\"data\":{}}],\"entityMap\":{}}','2019-07-16 09:46:35','2019-07-16 09:46:35',NULL,NULL,NULL,'Who is the best player of all time?',NULL,NULL,NULL,NULL,1,1,NULL,3,NULL),(100,96,'Best movie','{\"blocks\":[{\"key\":\"dlqnv\",\"text\":\"What is the best move ever?\",\"type\":\"unstyled\",\"depth\":0,\"inlineStyleRanges\":[],\"entityRanges\":[],\"data\":{}}],\"entityMap\":{}}','2019-07-16 11:45:32','2019-07-16 11:45:32',28,NULL,NULL,'What is the best move ever?',NULL,NULL,NULL,NULL,1,2,NULL,3,NULL),(102,96,'The best musicall','{\"blocks\":[{\"key\":\"1bjro\",\"text\":\"What is the best musical in the world?\",\"type\":\"unstyled\",\"depth\":0,\"inlineStyleRanges\":[{\"offset\":17,\"length\":8,\"style\":\"BOLD\"}],\"entityRanges\":[],\"data\":{}}],\"entityMap\":{}}','2019-07-16 12:36:36','2019-07-16 12:36:36',29,NULL,NULL,'What is the best musical in the world?',NULL,NULL,NULL,NULL,3,0,NULL,3,NULL),(114,73,'test 1234','{\"blocks\":[{\"key\":\"1175r\",\"text\":\"\",\"type\":\"unstyled\",\"depth\":0,\"inlineStyleRanges\":[],\"entityRanges\":[],\"data\":{}}],\"entityMap\":{}}','2019-07-21 23:09:58','2019-07-17 12:04:29',NULL,NULL,NULL,NULL,NULL,NULL,NULL,NULL,NULL,0,NULL,0,NULL),(132,89,'text text','{\"blocks\":[{\"key\":\"cpb99\",\"text\":\"sdfsdf\",\"type\":\"unstyled\",\"depth\":0,\"inlineStyleRanges\":[],\"entityRanges\":[],\"data\":{}},{\"key\":\"4cqs2\",\"text\":\"dsfgd\",\"type\":\"unstyled\",\"depth\":0,\"inlineStyleRanges\":[{\"offset\":0,\"length\":5,\"style\":\"BOLD\"}],\"entityRanges\":[],\"data\":{}},{\"key\":\"7asq2\",\"text\":\"sfsdfsd\",\"type\":\"unstyled\",\"depth\":0,\"inlineStyleRanges\":[{\"offset\":0,\"length\":7,\"style\":\"BOLD\"},{\"offset\":0,\"length\":7,\"style\":\"ITALIC\"}],\"entityRanges\":[],\"data\":{}},{\"key\":\"da88k\",\"text\":\"\",\"type\":\"unstyled\",\"depth\":0,\"inlineStyleRanges\":[],\"entityRanges\":[],\"data\":{}},{\"key\":\"bo0ku\",\"text\":\"\",\"type\":\"unstyled\",\"depth\":0,\"inlineStyleRanges\":[],\"entityRanges\":[],\"data\":{}},{\"key\":\"a1phg\",\"text\":\" \",\"type\":\"atomic\",\"depth\":0,\"inlineStyleRanges\":[],\"entityRanges\":[{\"offset\":0,\"length\":1,\"key\":0}],\"data\":{}},{\"key\":\"7q0cb\",\"text\":\"\",\"type\":\"unstyled\",\"depth\":0,\"inlineStyleRanges\":[],\"entityRanges\":[],\"data\":{}},{\"key\":\"eahjc\",\"text\":\"\",\"type\":\"unstyled\",\"depth\":0,\"inlineStyleRanges\":[],\"entityRanges\":[],\"data\":{}},{\"key\":\"84g1r\",\"text\":\" \",\"type\":\"atomic\",\"depth\":0,\"inlineStyleRanges\":[],\"entityRanges\":[{\"offset\":0,\"length\":1,\"key\":1}],\"data\":{}},{\"key\":\"bt0f\",\"text\":\"\",\"type\":\"unstyled\",\"depth\":0,\"inlineStyleRanges\":[],\"entityRanges\":[],\"data\":{}}],\"entityMap\":{\"0\":{\"type\":\"image\",\"mutability\":\"IMMUTABLE\",\"data\":{\"src\":\"http://res.cloudinary.com/eton-digital-ltd/image/upload/v1563797667/post-images/ozfby0tcefirymjvkkb8.jpg\"}},\"1\":{\"type\":\"draft-js-video-plugin-video\",\"mutability\":\"IMMUTABLE\",\"data\":{\"src\":\"https://www.youtube.com/watch?v=y__uzGKmxt8\"}}}}','2019-07-22 14:16:16','2019-07-22 14:16:16',NULL,NULL,'http://res.cloudinary.com/eton-digital-ltd/raw/upload/v1563797606/pledgr-docs/frxblgkxwy1p5bmgjrcc.pdf','sdfsdf\ndsfgd\nsfsdfsd',NULL,NULL,NULL,NULL,2,0,NULL,0,NULL),(133,87,'test','{\"blocks\":[{\"key\":\"3bp1l\",\"text\":\"test test\",\"type\":\"unstyled\",\"depth\":0,\"inlineStyleRanges\":[],\"entityRanges\":[],\"data\":{}}],\"entityMap\":{}}','2019-07-22 15:04:20','2019-07-22 15:04:20',NULL,NULL,'http://res.cloudinary.com/eton-digital-ltd/raw/upload/v1563800635/pledgr-docs/gaaamheumvmwvdoyekvq.jpg','test test',NULL,NULL,NULL,NULL,NULL,0,NULL,0,NULL),(134,78,'Makeup bestsellers.','{\"blocks\":[{\"key\":\"9b7g8\",\"text\":\"If you’re looking for the best makeup (and we know you are), a good  place to start is with our bestsellers. Read thousands of reviews from  fellow makeup-lovers and find top rated products for your beauty  routine. \",\"type\":\"unstyled\",\"depth\":0,\"inlineStyleRanges\":[{\"offset\":136,\"length\":34,\"style\":\"UNDERLINE\"},{\"offset\":207,\"length\":9,\"style\":\"UNDERLINE\"},{\"offset\":207,\"length\":9,\"style\":\"ITALIC\"}],\"entityRanges\":[],\"data\":{}},{\"key\":\"buju3\",\"text\":\"\",\"type\":\"unstyled\",\"depth\":0,\"inlineStyleRanges\":[],\"entityRanges\":[],\"data\":{}},{\"key\":\"4v0u7\",\"text\":\"If you’re still having a hard time finding the perfect product,  check out our buying guides and quizzes or consult millions of users in our Sephora Community.\",\"type\":\"unstyled\",\"depth\":0,\"inlineStyleRanges\":[{\"offset\":0,\"length\":8,\"style\":\"UNDERLINE\"},{\"offset\":0,\"length\":8,\"style\":\"BOLD\"},{\"offset\":0,\"length\":8,\"style\":\"ITALIC\"}],\"entityRanges\":[{\"offset\":79,\"length\":13,\"key\":0},{\"offset\":141,\"length\":17,\"key\":1}],\"data\":{}},{\"key\":\"7b9i3\",\"text\":\"\",\"type\":\"unstyled\",\"depth\":0,\"inlineStyleRanges\":[],\"entityRanges\":[],\"data\":{}},{\"key\":\"8r0el\",\"text\":\"Make sure you have a solid foundation with the perfect primer – this  will ensure that the rest of your face makeup goes on smoothly and lasts  longer. Next, it’s time for concealer. If you need just the right  shade, refer to our Color IQ to make sure everything matches up. Color  IQ can also help you find the best foundation shade (and even brand) for your coverage needs. Some of the most popular foundation brands include NARS, Stila and Fenty.\",\"type\":\"unstyled\",\"depth\":0,\"inlineStyleRanges\":[{\"offset\":122,\"length\":48,\"style\":\"BOLD\"},{\"offset\":331,\"length\":119,\"style\":\"BOLD\"},{\"offset\":331,\"length\":119,\"style\":\"ITALIC\"}],\"entityRanges\":[{\"offset\":318,\"length\":16,\"key\":2}],\"data\":{}},{\"key\":\"4ecg3\",\"text\":\"\",\"type\":\"unstyled\",\"depth\":0,\"inlineStyleRanges\":[],\"entityRanges\":[],\"data\":{}},{\"key\":\"6cpna\",\"text\":\"Add some color with a contour palette. Start with a darker, matte  shade that simulates a shadowed-look and enunciates your cheekbones.  Next, add some warmth with a bronzer  in a C-shape along your hairline. Finally, apply blush for that perfect  rosy look. Some of the best face palette brands include Tarte and  Anastasia Beverly Hills.\",\"type\":\"unstyled\",\"depth\":0,\"inlineStyleRanges\":[{\"offset\":112,\"length\":167,\"style\":\"ITALIC\"}],\"entityRanges\":[{\"offset\":166,\"length\":7,\"key\":3}],\"data\":{}}],\"entityMap\":{\"0\":{\"type\":\"LINK\",\"mutability\":\"MUTABLE\",\"data\":{\"href\":\"https://www.sephora.com/best-beauty-products\",\"target\":\"_self\",\"url\":\"https://www.sephora.com/best-beauty-products\"}},\"1\":{\"type\":\"LINK\",\"mutability\":\"MUTABLE\",\"data\":{\"href\":\"https://community.sephora.com\",\"target\":\"_self\",\"url\":\"https://community.sephora.com/\"}},\"2\":{\"type\":\"LINK\",\"mutability\":\"MUTABLE\",\"data\":{\"href\":\"https://www.sephora.com/ca/en/shop/foundation-makeup\",\"target\":\"_self\",\"url\":\"https://www.sephora.com/ca/en/shop/foundation-makeup\"}},\"3\":{\"type\":\"LINK\",\"mutability\":\"MUTABLE\",\"data\":{\"href\":\"https://www.sephora.com/ca/en/shop/bronzer-makeup\",\"target\":\"_self\",\"url\":\"https://www.sephora.com/ca/en/shop/bronzer-makeup\"}}}}','2019-07-22 16:06:55','2019-07-22 16:06:55',36,NULL,NULL,'If you’re looking for the best makeup (and we know you are), a good  place to start is with our bestsellers. Read thousands of reviews from  fellow makeup-lovers and find top rated products for your beauty  routine. \n\nIf you’re still having a hard time finding the perfect product,  check out our buying guides and quizzes or consult millions of users in our Sephora Community.\n\nMake sure you have a solid foundation with the perfect primer – this  will ensure that the rest of your face makeup goes on smoothly and lasts  longer. Next, it’s time for concealer. If you need just the right  shade, refer to our Color IQ to make sure everything matches up. Color  IQ can also help you find the best foundation shade (and even brand) for your coverage needs. Some of the most popular foundation brands include NARS, Stila and Fenty.\n\nAdd some color with a contour palette. Start with a darker, matte  shade that simulates a shadowed-look and enunciates your cheekbones.  Next, add some warmth with a bronzer  in a C-shape along your hairline. Finally, apply blush for that perfect  rosy look. Some of the best face palette brands include Tarte and  Anastasia Beverly Hills.',NULL,NULL,'https://www.sephora.com',NULL,NULL,0,NULL,5,NULL);
/*!40000 ALTER TABLE `post` ENABLE KEYS */;
UNLOCK TABLES;

--
-- Table structure for table `post_category`
--

DROP TABLE IF EXISTS `post_category`;
/*!40101 SET @saved_cs_client     = @@character_set_client */;
/*!40101 SET character_set_client = utf8 */;
CREATE TABLE `post_category` (
  `id` int(11) NOT NULL AUTO_INCREMENT,
  `name` varchar(100) COLLATE utf8mb4_unicode_ci NOT NULL,
  `created_at` datetime DEFAULT NULL,
  `updated_at` datetime DEFAULT NULL,
  PRIMARY KEY (`id`)
) ENGINE=InnoDB AUTO_INCREMENT=4 DEFAULT CHARSET=utf8mb4 COLLATE=utf8mb4_unicode_ci;
/*!40101 SET character_set_client = @saved_cs_client */;

--
-- Dumping data for table `post_category`
--

LOCK TABLES `post_category` WRITE;
/*!40000 ALTER TABLE `post_category` DISABLE KEYS */;
INSERT INTO `post_category` VALUES (1,'Videos',NULL,NULL),(2,'Gaming',NULL,NULL),(3,'Music',NULL,NULL);
/*!40000 ALTER TABLE `post_category` ENABLE KEYS */;
UNLOCK TABLES;

--
-- Table structure for table `post_comment`
--

DROP TABLE IF EXISTS `post_comment`;
/*!40101 SET @saved_cs_client     = @@character_set_client */;
/*!40101 SET character_set_client = utf8 */;
CREATE TABLE `post_comment` (
  `id` int(11) NOT NULL AUTO_INCREMENT,
  `post_id` int(11) NOT NULL,
  `user_id` int(11) NOT NULL,
  `comment` longtext COLLATE utf8mb4_unicode_ci NOT NULL,
  `created_at` datetime DEFAULT NULL,
  `updated_at` datetime DEFAULT NULL,
  PRIMARY KEY (`id`),
  KEY `IDX_A99CE55F4B89032C` (`post_id`),
  KEY `IDX_A99CE55FA76ED395` (`user_id`),
  CONSTRAINT `FK_A99CE55F4B89032C` FOREIGN KEY (`post_id`) REFERENCES `post` (`id`) ON DELETE CASCADE,
  CONSTRAINT `FK_A99CE55FA76ED395` FOREIGN KEY (`user_id`) REFERENCES `users` (`id`) ON DELETE CASCADE
) ENGINE=InnoDB AUTO_INCREMENT=80 DEFAULT CHARSET=utf8mb4 COLLATE=utf8mb4_unicode_ci;
/*!40101 SET character_set_client = @saved_cs_client */;

--
-- Dumping data for table `post_comment`
--

LOCK TABLES `post_comment` WRITE;
/*!40000 ALTER TABLE `post_comment` DISABLE KEYS */;
INSERT INTO `post_comment` VALUES (22,100,24,'This is a great poll','2019-07-16 12:21:48','2019-07-16 12:21:48'),(23,99,24,'Comment 1','2019-07-16 12:40:44','2019-07-16 12:40:44'),(25,99,24,'Comment3','2019-07-16 12:40:56','2019-07-16 12:40:56'),(26,99,85,'test','2019-07-16 13:15:25','2019-07-16 13:15:25'),(27,102,24,'Yes','2019-07-16 13:23:30','2019-07-16 13:23:30'),(28,29,85,'test','2019-07-16 14:33:14','2019-07-16 14:33:14'),(29,29,85,'test','2019-07-16 14:33:24','2019-07-16 14:33:24'),(30,99,85,'test','2019-07-16 14:33:59','2019-07-16 14:33:59'),(31,29,85,'t5tt','2019-07-16 14:40:04','2019-07-16 14:40:04'),(35,99,87,'Lorem ipsum dolor sit amet, consectetur adipiscing elit, sed do eiusmod tempor incididunt ut labore et dolore magna aliqua. Ultrices mi tempus imperdiet nulla malesuada pellentesque elit eget gravida. Eget egestas purus viverra accumsan. Tristique et egestas quis ipsum suspendisse ultrices gravida. Id velit ut tortor pretium viverra suspendisse potenti. Bibendum ut tristique et egestas quis ipsum suspendisse. Massa tincidunt nunc pulvinar sapien et ligula ullamcorper malesuada proin. Leo vel orci porta non pulvinar neque laoreet suspendisse interdum. Nunc pulvinar sapien et ligula. Vel elit scelerisque mauris pellentesque pulvinar pellentesque habitant. Est lorem ipsum dolor sit amet consectetur. Sed vulputate odio ut enim blandit. Faucibus pulvinar elementum integer enim neque. Netus et malesuada fames ac turpis egestas sed tempus urna. Sit amet mauris commodo quis imperdiet massa tincidunt. Lorem ipsum dolor sit amet consectetur adipiscing elit.','2019-07-17 13:20:12','2019-07-17 13:20:12'),(36,91,22,'https://www.youtube.com/watch?v=5jozMjlsxmI','2019-07-17 15:31:44','2019-07-17 15:31:44'),(37,17,22,'Astrology shares this with many other beliefs which tend to be categorized as \"New Age.\"','2019-07-17 15:38:33','2019-07-17 15:38:33'),(38,17,22,'Astrology shares this with many other beliefs which tend to be categorized as \"New Age.\"','2019-07-17 15:38:39','2019-07-17 15:38:39'),(39,94,22,'Astrology shares this with many other beliefs which tend to be categorized as \"New Age.\"','2019-07-17 15:38:53','2019-07-17 15:38:53'),(40,94,22,'Astrology shares this with many other beliefs which tend to be categorized as \"New Age.\"','2019-07-17 15:40:24','2019-07-17 15:40:24'),(41,93,22,'Astrology shares this with many other beliefs which tend to be categorized as \"New Age.\"','2019-07-17 15:40:31','2019-07-17 15:40:31'),(42,18,22,'Astrology shares this with many other beliefs which tend to be categorized as \"New Age.\"','2019-07-17 15:40:51','2019-07-17 15:40:51'),(43,18,22,'Astrology shares this with many other beliefs which tend to be categorized as \"New Age.\"','2019-07-17 15:40:55','2019-07-17 15:40:55'),(44,99,87,'Some test post Some test post','2019-07-17 16:11:30','2019-07-17 16:11:30'),(45,99,87,'Some test post Some test post Some test post Some test post','2019-07-17 16:11:37','2019-07-17 16:11:37'),(46,99,87,'Some test post Some test post Some test post Some test post Some test post Some test post','2019-07-17 16:11:46','2019-07-17 16:11:46'),(47,42,89,'komentarisem sam svoje postove','2019-07-18 13:02:49','2019-07-18 13:02:49'),(48,42,89,'komentari se ne pojavljuju odmah','2019-07-18 14:01:31','2019-07-18 14:01:31'),(49,42,89,'aha,  sad se pojavljuju odmah','2019-07-18 14:01:43','2019-07-18 14:01:43'),(50,42,89,'ali se ne povecava odmah br komentara nego posle refresha','2019-07-18 14:02:39','2019-07-18 14:02:39'),(51,42,89,'dddddddddddddddddduuuuuuuuuuuuuuuuugggggggggaaaaaaaaaaaaaaacccccccccccccaaaaaaaaaaaaaaaaaaaaaakkkkkkkkkkkkkkkkk kkkkkkkkkkkkkkooooooooooommmmmmmmmmeeeeeeeeeeeennnnnnnnnnntttttttttttaaaaaaaaaaaarrrrrrrrrrrrrrr','2019-07-18 14:04:09','2019-07-18 14:04:09'),(52,6,73,'hey','2019-07-22 09:40:47','2019-07-22 09:40:47'),(53,6,73,'hello','2019-07-22 09:40:53','2019-07-22 09:40:53'),(54,114,73,'hey','2019-07-22 09:41:09','2019-07-22 09:41:09'),(55,114,73,'htht','2019-07-22 09:41:28','2019-07-22 09:41:28'),(56,114,73,'gklg','2019-07-22 09:42:17','2019-07-22 09:42:17'),(57,114,73,'jkj','2019-07-22 09:42:33','2019-07-22 09:42:33'),(58,94,30,'post','2019-07-22 10:03:12','2019-07-22 10:03:12'),(59,94,30,'post post','2019-07-22 10:03:23','2019-07-22 10:03:23'),(60,94,75,'12356','2019-07-22 10:04:13','2019-07-22 10:04:13'),(61,94,75,'4da456ds4f564f4sd5','2019-07-22 10:04:23','2019-07-22 10:04:23'),(62,94,75,'da','2019-07-22 10:04:30','2019-07-22 10:04:30'),(63,98,86,'my post','2019-07-22 14:57:28','2019-07-22 14:57:28'),(64,98,86,'123','2019-07-22 14:57:44','2019-07-22 14:57:44'),(65,96,86,'displays earnings on my Pledgr page','2019-07-22 14:57:57','2019-07-22 14:57:57'),(66,20,86,'post','2019-07-22 14:58:42','2019-07-22 14:58:42'),(67,20,86,'post','2019-07-22 14:58:42','2019-07-22 14:58:42'),(68,20,86,'post','2019-07-22 14:58:42','2019-07-22 14:58:42'),(69,39,86,'post','2019-07-22 14:58:50','2019-07-22 14:58:50'),(70,20,86,'123','2019-07-22 14:59:38','2019-07-22 14:59:38'),(71,94,29,'displays earnings on my Pledgr page','2019-07-22 15:46:25','2019-07-22 15:46:25'),(72,36,78,'Creator displays earnings on my Pledgr page','2019-07-22 15:47:09','2019-07-22 15:47:09'),(73,36,78,'dadada','2019-07-22 15:47:18','2019-07-22 15:47:18'),(74,36,78,'123456dada','2019-07-22 15:47:22','2019-07-22 15:47:22'),(75,42,89,'koment 6','2019-07-22 15:53:43','2019-07-22 15:53:43'),(76,42,89,'koment 7','2019-07-22 15:54:11','2019-07-22 15:54:11'),(79,36,22,'Sephora is your No.1 destination for everything beauty.','2019-07-22 16:09:35','2019-07-22 16:09:35');
/*!40000 ALTER TABLE `post_comment` ENABLE KEYS */;
UNLOCK TABLES;

--
-- Table structure for table `post_image`
--

DROP TABLE IF EXISTS `post_image`;
/*!40101 SET @saved_cs_client     = @@character_set_client */;
/*!40101 SET character_set_client = utf8 */;
CREATE TABLE `post_image` (
  `id` int(11) NOT NULL AUTO_INCREMENT,
  `post_id` int(11) NOT NULL,
  `img` varchar(300) COLLATE utf8mb4_unicode_ci NOT NULL,
  `created_at` datetime DEFAULT NULL,
  `updated_at` datetime DEFAULT NULL,
  `ref_id` varchar(200) COLLATE utf8mb4_unicode_ci DEFAULT NULL,
  PRIMARY KEY (`id`),
  KEY `IDX_522688B04B89032C` (`post_id`),
  CONSTRAINT `FK_522688B04B89032C` FOREIGN KEY (`post_id`) REFERENCES `post` (`id`) ON DELETE CASCADE
) ENGINE=InnoDB DEFAULT CHARSET=utf8mb4 COLLATE=utf8mb4_unicode_ci;
/*!40101 SET character_set_client = @saved_cs_client */;

--
-- Dumping data for table `post_image`
--

LOCK TABLES `post_image` WRITE;
/*!40000 ALTER TABLE `post_image` DISABLE KEYS */;
/*!40000 ALTER TABLE `post_image` ENABLE KEYS */;
UNLOCK TABLES;

--
-- Table structure for table `post_like`
--

DROP TABLE IF EXISTS `post_like`;
/*!40101 SET @saved_cs_client     = @@character_set_client */;
/*!40101 SET character_set_client = utf8 */;
CREATE TABLE `post_like` (
  `id` int(11) NOT NULL AUTO_INCREMENT,
  `user_id` int(11) NOT NULL,
  `post_id` int(11) NOT NULL,
  `created_at` datetime DEFAULT NULL,
  `updated_at` datetime DEFAULT NULL,
  PRIMARY KEY (`id`),
  KEY `IDX_653627B8A76ED395` (`user_id`),
  KEY `IDX_653627B84B89032C` (`post_id`),
  CONSTRAINT `FK_653627B84B89032C` FOREIGN KEY (`post_id`) REFERENCES `post` (`id`) ON DELETE CASCADE,
  CONSTRAINT `FK_653627B8A76ED395` FOREIGN KEY (`user_id`) REFERENCES `users` (`id`) ON DELETE CASCADE
) ENGINE=InnoDB AUTO_INCREMENT=111 DEFAULT CHARSET=utf8mb4 COLLATE=utf8mb4_unicode_ci;
/*!40101 SET character_set_client = @saved_cs_client */;

--
-- Dumping data for table `post_like`
--

LOCK TABLES `post_like` WRITE;
/*!40000 ALTER TABLE `post_like` DISABLE KEYS */;
INSERT INTO `post_like` VALUES (37,95,6,'2019-07-11 14:50:46','2019-07-11 14:50:46'),(99,24,97,'2019-07-16 08:43:38','2019-07-16 08:43:38'),(100,24,99,'2019-07-16 09:55:15','2019-07-16 09:55:15'),(101,31,98,'2019-07-16 11:24:59','2019-07-16 11:24:59'),(103,29,98,'2019-07-16 12:10:51','2019-07-16 12:10:51'),(104,24,100,'2019-07-16 12:21:26','2019-07-16 12:21:26'),(105,22,94,'2019-07-17 15:31:30','2019-07-17 15:31:30'),(106,22,93,'2019-07-17 15:31:32','2019-07-17 15:31:32'),(107,22,92,'2019-07-17 15:31:36','2019-07-17 15:31:36'),(108,22,18,'2019-07-17 15:38:13','2019-07-17 15:38:13'),(109,22,17,'2019-07-17 15:38:15','2019-07-17 15:38:15'),(110,29,100,'2019-07-18 12:05:13','2019-07-18 12:05:13');
/*!40000 ALTER TABLE `post_like` ENABLE KEYS */;
UNLOCK TABLES;

--
-- Table structure for table `post_tag`
--

DROP TABLE IF EXISTS `post_tag`;
/*!40101 SET @saved_cs_client     = @@character_set_client */;
/*!40101 SET character_set_client = utf8 */;
CREATE TABLE `post_tag` (
  `id` int(11) NOT NULL AUTO_INCREMENT,
  `post_id` int(11) NOT NULL,
  `tag` varchar(300) COLLATE utf8mb4_unicode_ci NOT NULL,
  `created_at` datetime DEFAULT NULL,
  `updated_at` datetime DEFAULT NULL,
  PRIMARY KEY (`id`),
  KEY `IDX_5ACE3AF04B89032C` (`post_id`),
  CONSTRAINT `FK_5ACE3AF04B89032C` FOREIGN KEY (`post_id`) REFERENCES `post` (`id`) ON DELETE CASCADE
) ENGINE=InnoDB AUTO_INCREMENT=49 DEFAULT CHARSET=utf8mb4 COLLATE=utf8mb4_unicode_ci;
/*!40101 SET character_set_client = @saved_cs_client */;

--
-- Dumping data for table `post_tag`
--

LOCK TABLES `post_tag` WRITE;
/*!40000 ALTER TABLE `post_tag` DISABLE KEYS */;
INSERT INTO `post_tag` VALUES (1,26,'it',NULL,NULL),(2,26,'Development',NULL,NULL),(3,27,'mp3',NULL,NULL),(4,28,'irish',NULL,NULL),(5,28,'celtic',NULL,NULL),(6,29,'comics',NULL,NULL),(7,29,'wd',NULL,NULL),(8,30,'Horse',NULL,NULL),(9,31,'Nirvana',NULL,NULL),(10,31,'Grunge',NULL,NULL),(11,33,'loremipsum',NULL,NULL),(12,35,'TAG',NULL,NULL),(13,36,'RECIPE',NULL,NULL),(14,36,'tag',NULL,NULL),(17,41,'#dragon','2019-07-05 12:51:27','2019-07-05 12:51:27'),(18,42,'#game character','2019-07-08 14:16:33','2019-07-08 14:16:33'),(20,87,'tag','2019-07-11 11:35:40','2019-07-11 11:35:40'),(21,89,'game','2019-07-11 14:35:20','2019-07-11 14:35:20'),(22,90,'music','2019-07-11 14:43:24','2019-07-11 14:43:24'),(23,90,'lala','2019-07-11 14:43:24','2019-07-11 14:43:24'),(24,90,'laughter','2019-07-11 14:43:24','2019-07-11 14:43:24'),(25,90,'little ','2019-07-11 14:43:24','2019-07-11 14:43:24'),(26,90,'mechanisms','2019-07-11 14:43:24','2019-07-11 14:43:24'),(27,90,'distinguishing','2019-07-11 14:43:24','2019-07-11 14:43:24'),(28,90,'human','2019-07-11 14:43:24','2019-07-11 14:43:24'),(29,90,'collaboration','2019-07-11 14:43:24','2019-07-11 14:43:24'),(30,90,'contagious ','2019-07-11 14:43:24','2019-07-11 14:43:24'),(31,90,'emotion','2019-07-11 14:43:24','2019-07-11 14:43:24'),(32,91,'videos','2019-07-11 14:50:48','2019-07-11 14:50:48'),(33,91,'sea','2019-07-11 14:50:48','2019-07-11 14:50:48'),(34,91,'animal','2019-07-11 14:50:48','2019-07-11 14:50:48'),(35,91,'adventur','2019-07-11 14:50:48','2019-07-11 14:50:48'),(36,91,'boats','2019-07-11 14:50:48','2019-07-11 14:50:48'),(37,91,'men','2019-07-11 14:50:48','2019-07-11 14:50:48'),(38,91,'harpoons','2019-07-11 14:50:48','2019-07-11 14:50:48'),(39,92,'tag','2019-07-11 15:13:44','2019-07-11 15:13:44'),(40,93,'tag','2019-07-11 15:15:30','2019-07-11 15:15:30'),(41,94,'gaming','2019-07-11 16:17:24','2019-07-11 16:17:24'),(42,96,'link','2019-07-15 16:04:18','2019-07-15 16:04:18'),(43,98,'digital','2019-07-16 09:12:49','2019-07-16 09:12:49'),(44,98,'process','2019-07-16 09:12:49','2019-07-16 09:12:49'),(45,98,' list','2019-07-16 09:12:49','2019-07-16 09:12:49'),(46,98,'WordPress ','2019-07-16 09:12:49','2019-07-16 09:12:49'),(48,132,'crysis','2019-07-22 14:16:16','2019-07-22 14:16:16');
/*!40000 ALTER TABLE `post_tag` ENABLE KEYS */;
UNLOCK TABLES;

--
-- Table structure for table `stripe_plan`
--

DROP TABLE IF EXISTS `stripe_plan`;
/*!40101 SET @saved_cs_client     = @@character_set_client */;
/*!40101 SET character_set_client = utf8 */;
CREATE TABLE `stripe_plan` (
  `id` int(11) NOT NULL AUTO_INCREMENT,
  `tier_id` int(11) NOT NULL,
  `amount` int(11) NOT NULL,
  `duration` varchar(255) COLLATE utf8mb4_unicode_ci NOT NULL,
  `currency` varchar(3) COLLATE utf8mb4_unicode_ci NOT NULL,
  `stripe_plan_id` varchar(255) COLLATE utf8mb4_unicode_ci NOT NULL,
  `is_active` tinyint(1) NOT NULL,
  `created_at` datetime NOT NULL,
  `updated_at` datetime NOT NULL,
  PRIMARY KEY (`id`),
  KEY `IDX_10186286A354F9DC` (`tier_id`),
  CONSTRAINT `FK_10186286A354F9DC` FOREIGN KEY (`tier_id`) REFERENCES `tier` (`id`)
) ENGINE=InnoDB DEFAULT CHARSET=utf8mb4 COLLATE=utf8mb4_unicode_ci;
/*!40101 SET character_set_client = @saved_cs_client */;

--
-- Dumping data for table `stripe_plan`
--

LOCK TABLES `stripe_plan` WRITE;
/*!40000 ALTER TABLE `stripe_plan` DISABLE KEYS */;
/*!40000 ALTER TABLE `stripe_plan` ENABLE KEYS */;
UNLOCK TABLES;

--
-- Table structure for table `subscription`
--

DROP TABLE IF EXISTS `subscription`;
/*!40101 SET @saved_cs_client     = @@character_set_client */;
/*!40101 SET character_set_client = utf8 */;
CREATE TABLE `subscription` (
  `id` int(11) NOT NULL AUTO_INCREMENT,
  `subscriber_id` int(11) NOT NULL,
  `creator_id` int(11) NOT NULL,
  `tier_id` int(11) DEFAULT NULL,
  `valid_until` datetime DEFAULT NULL,
  `created_at` datetime DEFAULT NULL,
  `updated_at` datetime DEFAULT NULL,
  PRIMARY KEY (`id`),
  KEY `IDX_A3C664D37808B1AD` (`subscriber_id`),
  KEY `IDX_A3C664D361220EA6` (`creator_id`),
  KEY `IDX_A3C664D3A354F9DC` (`tier_id`),
  CONSTRAINT `FK_A3C664D361220EA6` FOREIGN KEY (`creator_id`) REFERENCES `users` (`id`),
  CONSTRAINT `FK_A3C664D37808B1AD` FOREIGN KEY (`subscriber_id`) REFERENCES `users` (`id`) ON DELETE CASCADE,
  CONSTRAINT `FK_A3C664D3A354F9DC` FOREIGN KEY (`tier_id`) REFERENCES `tier` (`id`)
) ENGINE=InnoDB AUTO_INCREMENT=106 DEFAULT CHARSET=utf8mb4 COLLATE=utf8mb4_unicode_ci;
/*!40101 SET character_set_client = @saved_cs_client */;

--
-- Dumping data for table `subscription`
--

LOCK TABLES `subscription` WRITE;
/*!40000 ALTER TABLE `subscription` DISABLE KEYS */;
INSERT INTO `subscription` VALUES (1,24,43,2,'2019-08-26 09:38:53','2019-05-28 09:38:53',NULL),(4,76,43,2,'2019-08-26 09:39:38','2019-05-28 09:39:38',NULL),(6,34,43,2,'2019-08-26 10:16:01','2019-05-28 10:16:01',NULL),(11,23,43,2,'2019-08-26 11:58:07','2019-05-28 11:58:07',NULL),(13,24,80,6,'2019-08-26 12:57:08','2019-05-28 12:57:08',NULL),(14,24,23,4,'2019-08-26 12:58:41','2019-05-28 12:58:41',NULL),(15,24,79,3,'2019-08-26 13:29:32','2019-05-28 13:29:32',NULL),(16,23,79,3,'2019-08-26 16:59:50','2019-05-28 16:59:50',NULL),(17,23,23,4,'2019-08-26 17:00:23','2019-05-28 17:00:23',NULL),(18,64,79,3,'2019-08-26 18:05:52','2019-05-28 18:05:52',NULL),(19,23,80,6,'2019-08-27 12:36:14','2019-05-29 12:36:14',NULL),(20,64,80,5,'2019-08-27 12:55:26','2019-05-29 12:55:26',NULL),(21,75,78,7,'2019-08-28 13:48:15','2019-05-30 13:48:15',NULL),(23,29,78,8,'2019-09-04 12:22:56','2019-06-06 12:22:56',NULL),(24,16,23,4,'2019-09-05 16:46:13','2019-06-07 16:46:13',NULL),(25,16,43,2,'2019-09-05 16:48:40','2019-06-07 16:48:40',NULL),(26,16,79,3,'2019-09-05 17:02:32','2019-06-07 17:02:32',NULL),(29,16,78,7,'2019-09-12 14:15:40','2019-06-14 14:15:40',NULL),(31,73,73,16,'2019-09-17 11:35:03','2019-06-19 11:35:03',NULL),(32,75,29,20,'2019-09-17 14:08:25','2019-06-19 14:08:25',NULL),(33,75,73,16,'2019-09-17 14:08:41','2019-06-19 14:08:41',NULL),(34,75,79,3,'2019-09-17 14:08:53','2019-06-19 14:08:53',NULL),(35,75,23,4,'2019-09-17 14:09:06','2019-06-19 14:09:06',NULL),(36,75,80,5,'2019-09-17 14:09:22','2019-06-19 14:09:22',NULL),(39,75,86,19,'2019-09-17 14:13:32','2019-06-19 14:13:32',NULL),(40,76,29,20,'2019-09-17 15:38:12','2019-06-19 15:38:12',NULL),(41,76,30,13,'2019-09-17 15:38:25','2019-06-19 15:38:25',NULL),(42,76,73,16,'2019-09-17 15:38:50','2019-06-19 15:38:50',NULL),(43,76,78,8,'2019-09-17 15:39:01','2019-06-19 15:39:01',NULL),(44,76,79,3,'2019-09-17 15:50:54','2019-06-19 15:50:54',NULL),(54,75,30,13,'2019-09-17 16:05:39','2019-06-19 16:05:39',NULL),(55,16,85,11,'2019-09-18 01:12:39','2019-06-20 01:12:39',NULL),(56,85,29,20,'2019-09-18 02:04:46','2019-06-20 02:04:46',NULL),(57,24,87,23,'2019-09-18 08:26:38','2019-06-20 08:26:38',NULL),(58,85,87,24,'2019-09-18 08:43:14','2019-06-20 08:43:14',NULL),(59,73,23,4,'2019-09-18 14:56:49','2019-06-20 14:56:49',NULL),(60,51,29,20,'2019-09-26 11:01:34','2019-06-28 11:01:34',NULL),(61,51,30,12,'2019-09-26 11:02:14','2019-06-28 11:02:14',NULL),(62,23,29,20,'2019-10-07 12:40:48','2019-07-09 12:40:48','2019-07-09 12:40:48'),(63,30,29,20,'2019-10-09 11:28:06','2019-07-11 11:28:06','2019-07-11 11:28:06'),(64,16,29,20,'2019-10-09 11:28:49','2019-07-11 11:28:49','2019-07-11 11:28:49'),(65,29,30,12,'2019-10-09 11:37:34','2019-07-11 11:37:34','2019-07-11 11:37:34'),(66,86,30,12,'2019-10-09 11:53:24','2019-07-11 11:53:24','2019-07-11 11:53:24'),(67,94,30,13,'2019-10-09 13:40:28','2019-07-11 13:40:28','2019-07-11 13:40:28'),(68,94,29,20,'2019-10-09 13:40:46','2019-07-11 13:40:46','2019-07-11 13:40:46'),(69,94,23,4,'2019-10-09 13:41:00','2019-07-11 13:41:00','2019-07-11 13:41:00'),(70,94,73,16,'2019-10-09 13:47:03','2019-07-11 13:47:03','2019-07-11 13:47:03'),(71,16,30,12,'2019-10-09 13:51:59','2019-07-11 13:51:59','2019-07-11 13:51:59'),(72,95,23,4,'2019-10-09 14:50:20','2019-07-11 14:50:20','2019-07-11 14:50:20'),(73,23,30,12,'2019-10-09 17:27:35','2019-07-11 17:27:35','2019-07-11 17:27:35'),(74,86,29,20,'2019-10-13 15:52:44','2019-07-15 15:52:44','2019-07-15 15:52:44'),(75,24,29,20,'2019-10-14 08:48:03','2019-07-16 08:48:03','2019-07-16 08:48:03'),(77,29,86,18,'2019-10-14 09:58:27','2019-07-16 09:58:27','2019-07-16 09:58:27'),(79,31,78,8,'2019-10-14 10:14:54','2019-07-16 10:14:54','2019-07-16 10:14:54'),(80,31,86,18,'2019-10-14 10:15:14','2019-07-16 10:15:14','2019-07-16 10:15:14'),(81,23,73,16,'2019-08-16 08:51:27','2019-07-16 10:51:31','2019-07-16 10:51:31'),(82,24,30,12,'2019-08-16 08:55:47','2019-07-16 10:55:48','2019-07-16 10:55:48'),(83,24,73,16,'2019-08-16 08:57:48','2019-07-16 10:57:49','2019-07-16 10:57:49'),(84,24,96,28,'2019-08-16 10:09:45','2019-07-16 12:09:46','2019-07-16 12:09:46'),(85,75,96,28,'2019-08-16 10:28:28','2019-07-16 12:28:29','2019-07-16 12:28:29'),(86,75,96,29,'2019-08-16 10:31:44','2019-07-16 12:31:46','2019-07-16 12:31:46'),(87,24,96,29,'2019-08-16 10:38:31','2019-07-16 12:38:35','2019-07-16 12:38:35'),(88,23,96,28,'2019-08-16 14:07:34','2019-07-16 16:07:35','2019-07-16 16:07:35'),(89,23,96,29,'2019-08-16 14:23:56','2019-07-16 16:23:58','2019-07-16 16:23:58'),(90,22,29,20,'2019-08-17 13:31:06','2019-07-17 15:31:08','2019-07-17 15:31:08'),(91,22,30,12,'2019-08-17 13:37:44','2019-07-17 15:37:46','2019-07-17 15:37:46'),(92,29,23,4,'2019-08-18 10:03:03','2019-07-18 12:03:04','2019-07-18 12:03:04'),(93,29,89,26,'2019-08-18 10:03:48','2019-07-18 12:03:50','2019-07-18 12:03:50'),(94,29,96,28,'2019-08-18 10:04:01','2019-07-18 12:04:02','2019-07-18 12:04:02'),(95,29,87,23,'2019-08-18 10:04:15','2019-07-18 12:04:16','2019-07-18 12:04:16'),(96,29,87,24,'2019-08-18 10:04:43','2019-07-18 12:04:44','2019-07-18 12:04:44'),(97,29,73,16,'2019-08-18 10:05:20','2019-07-18 12:05:22','2019-07-18 12:05:22'),(98,23,97,30,'2019-08-19 08:42:28','2019-07-19 10:42:30','2019-07-19 10:42:30'),(99,101,96,28,'2019-08-19 10:34:49','2019-07-19 12:34:51','2019-07-19 12:34:51'),(100,101,96,29,'2019-08-19 10:38:57','2019-07-19 12:38:58','2019-07-19 12:38:58'),(101,75,102,33,'2019-08-22 11:34:56','2019-07-22 13:34:57','2019-07-22 13:34:57'),(102,94,102,33,'2019-08-22 11:41:36','2019-07-22 13:41:38','2019-07-22 13:41:38'),(103,22,78,34,'2019-08-22 14:09:23','2019-07-22 16:09:24','2019-07-22 16:09:24'),(104,43,29,20,'2019-11-06 08:42:26','2019-08-08 08:42:27','2019-08-08 08:42:27'),(105,43,30,13,'2019-11-06 08:43:17','2019-08-08 08:43:17','2019-08-08 08:43:17');
/*!40000 ALTER TABLE `subscription` ENABLE KEYS */;
UNLOCK TABLES;

--
-- Table structure for table `tier`
--

DROP TABLE IF EXISTS `tier`;
/*!40101 SET @saved_cs_client     = @@character_set_client */;
/*!40101 SET character_set_client = utf8 */;
CREATE TABLE `tier` (
  `id` int(11) NOT NULL AUTO_INCREMENT,
  `creator_id` int(11) NOT NULL,
  `name` varchar(60) COLLATE utf8mb4_unicode_ci DEFAULT NULL,
  `price` decimal(10,0) DEFAULT NULL,
  `description` longtext COLLATE utf8mb4_unicode_ci,
  `img` varchar(300) COLLATE utf8mb4_unicode_ci DEFAULT NULL,
  `subscriptions_limit` int(11) DEFAULT NULL,
  `created_at` datetime DEFAULT NULL,
  `updated_at` datetime DEFAULT NULL,
  PRIMARY KEY (`id`),
  KEY `IDX_249E978A61220EA6` (`creator_id`),
  CONSTRAINT `FK_249E978A61220EA6` FOREIGN KEY (`creator_id`) REFERENCES `users` (`id`)
) ENGINE=InnoDB AUTO_INCREMENT=37 DEFAULT CHARSET=utf8mb4 COLLATE=utf8mb4_unicode_ci;
/*!40101 SET character_set_client = @saved_cs_client */;

--
-- Dumping data for table `tier`
--

LOCK TABLES `tier` WRITE;
/*!40000 ALTER TABLE `tier` DISABLE KEYS */;
INSERT INTO `tier` VALUES (2,43,'Tier 1',2,'{\"blocks\":[{\"key\":\"23hfq\",\"text\":\"Example text\",\"type\":\"unstyled\",\"depth\":0,\"inlineStyleRanges\":[],\"entityRanges\":[],\"data\":{}}],\"entityMap\":{}}',NULL,NULL,NULL,NULL),(3,79,'Testing videos',1,'{\"blocks\":[{\"key\":\"23hfq\",\"text\":\"Example text\",\"type\":\"unstyled\",\"depth\":0,\"inlineStyleRanges\":[],\"entityRanges\":[],\"data\":{}}],\"entityMap\":{}}',NULL,NULL,NULL,NULL),(4,23,'Tier 2',5,'{\"blocks\":[{\"key\":\"23hfq\",\"text\":\"Example text\",\"type\":\"unstyled\",\"depth\":0,\"inlineStyleRanges\":[],\"entityRanges\":[],\"data\":{}}],\"entityMap\":{}}',NULL,NULL,NULL,NULL),(5,80,'Basic lectures',1,'{\"blocks\":[{\"key\":\"23hfq\",\"text\":\"Example text\",\"type\":\"unstyled\",\"depth\":0,\"inlineStyleRanges\":[],\"entityRanges\":[],\"data\":{}}],\"entityMap\":{}}',NULL,NULL,NULL,NULL),(6,80,'Advanced lectures',5,'{\"blocks\":[{\"key\":\"23hfq\",\"text\":\"Example text\",\"type\":\"unstyled\",\"depth\":0,\"inlineStyleRanges\":[],\"entityRanges\":[],\"data\":{}}],\"entityMap\":{}}',NULL,NULL,NULL,NULL),(7,78,'Daily Makeup',5,'{\"blocks\":[{\"key\":\"23hfq\",\"text\":\"Example text\",\"type\":\"unstyled\",\"depth\":0,\"inlineStyleRanges\":[],\"entityRanges\":[],\"data\":{}}],\"entityMap\":{}}',NULL,NULL,NULL,NULL),(8,78,'Party makeup',8,'{\"blocks\":[{\"key\":\"23hfq\",\"text\":\"Example text\",\"type\":\"unstyled\",\"depth\":0,\"inlineStyleRanges\":[],\"entityRanges\":[],\"data\":{}}],\"entityMap\":{}}',NULL,NULL,NULL,NULL),(11,85,'Tier 1',1,'{\"blocks\":[{\"key\":\"23hfq\",\"text\":\"Example text\",\"type\":\"unstyled\",\"depth\":0,\"inlineStyleRanges\":[],\"entityRanges\":[],\"data\":{}}],\"entityMap\":{}}','http://res.cloudinary.com/eton-digital-ltd/image/upload/v1560840206/pledgr-tier/b40d9ntg6gq3zqs62bb7.jpg',NULL,NULL,NULL),(12,30,'test tier',20,'{\"blocks\":[{\"key\":\"23hfq\",\"text\":\"Example text\",\"type\":\"unstyled\",\"depth\":0,\"inlineStyleRanges\":[],\"entityRanges\":[],\"data\":{}}],\"entityMap\":{}}','http://res.cloudinary.com/eton-digital-ltd/image/upload/v1560865755/pledgr-tier/hs0d3oylfz0lqckv3xek.jpg',NULL,NULL,NULL),(13,30,'Tier level two',30,'{\"blocks\":[{\"key\":\"23hfq\",\"text\":\"Example text\",\"type\":\"unstyled\",\"depth\":0,\"inlineStyleRanges\":[],\"entityRanges\":[],\"data\":{}}],\"entityMap\":{}}','http://res.cloudinary.com/eton-digital-ltd/image/upload/v1560867282/pledgr-tier/qvjkccivzfqprxa5vfut.jpg',NULL,NULL,NULL),(14,30,'New level tier number tree',50,'{\"blocks\":[{\"key\":\"23hfq\",\"text\":\"Example text\",\"type\":\"unstyled\",\"depth\":0,\"inlineStyleRanges\":[],\"entityRanges\":[],\"data\":{}}],\"entityMap\":{}}','http://res.cloudinary.com/eton-digital-ltd/image/upload/v1560867407/pledgr-tier/g9isiqx32bmjn62xwuo1.png',NULL,NULL,NULL),(16,73,'Another tier',89,'{\"blocks\":[{\"key\":\"23hfq\",\"text\":\"Example text\",\"type\":\"unstyled\",\"depth\":0,\"inlineStyleRanges\":[],\"entityRanges\":[],\"data\":{}}],\"entityMap\":{}}',NULL,NULL,NULL,NULL),(17,86,'Beginner',5,'{\"blocks\":[{\"key\":\"23hfq\",\"text\":\"Example text\",\"type\":\"unstyled\",\"depth\":0,\"inlineStyleRanges\":[],\"entityRanges\":[],\"data\":{}}],\"entityMap\":{}}','http://res.cloudinary.com/eton-digital-ltd/image/upload/v1560944496/pledgr-tier/vvhsakjwxlw1apqiw2dz.jpg',NULL,NULL,NULL),(18,86,'Intermediate',10,'{\"blocks\":[{\"key\":\"23hfq\",\"text\":\"Example text\",\"type\":\"unstyled\",\"depth\":0,\"inlineStyleRanges\":[],\"entityRanges\":[],\"data\":{}}],\"entityMap\":{}}','http://res.cloudinary.com/eton-digital-ltd/image/upload/v1560945051/pledgr-tier/von2vqq5cdl4mnkwozsk.jpg',NULL,NULL,NULL),(19,86,'Advanced',15,'{\"blocks\":[{\"key\":\"23hfq\",\"text\":\"Example text\",\"type\":\"unstyled\",\"depth\":0,\"inlineStyleRanges\":[],\"entityRanges\":[],\"data\":{}}],\"entityMap\":{}}','http://res.cloudinary.com/eton-digital-ltd/image/upload/v1560945223/pledgr-tier/jt1nz8hyfzmx90mlyh1o.jpg',NULL,NULL,NULL),(20,29,'First Level First Level',99,'{\"blocks\":[{\"key\":\"23hfq\",\"text\":\"Example text test test\",\"type\":\"header-three\",\"depth\":0,\"inlineStyleRanges\":[{\"offset\":0,\"length\":22,\"style\":\"ITALIC\"}],\"entityRanges\":[],\"data\":{}}],\"entityMap\":{}}','http://res.cloudinary.com/eton-digital-ltd/image/upload/v1562849804/pledgr-tier/kj02blgu5ecunljl8lbo.png',50,NULL,NULL),(23,87,'Basic tier',3,'{\"blocks\":[{\"key\":\"23hfq\",\"text\":\"Lorem ipsum something something else\",\"type\":\"header-one\",\"depth\":0,\"inlineStyleRanges\":[{\"offset\":6,\"length\":5,\"style\":\"BOLD\"},{\"offset\":12,\"length\":10,\"style\":\"ITALIC\"},{\"offset\":22,\"length\":14,\"style\":\"UNDERLINE\"}],\"entityRanges\":[],\"data\":{}},{\"key\":\"4oa7k\",\"text\":\"Mock the invisible wretches in a machine to travel bah i cried my god.\",\"type\":\"ordered-list-item\",\"depth\":0,\"inlineStyleRanges\":[],\"entityRanges\":[],\"data\":{}},{\"key\":\"6rago\",\"text\":\"Lighter and rise again at mr godfrey of the magnet which.\",\"type\":\"ordered-list-item\",\"depth\":0,\"inlineStyleRanges\":[],\"entityRanges\":[],\"data\":{}},{\"key\":\"89n6u\",\"text\":\"Feared the foul breath beating upon her back turned on.\",\"type\":\"unstyled\",\"depth\":0,\"inlineStyleRanges\":[],\"entityRanges\":[],\"data\":{}},{\"key\":\"aga39\",\"text\":\"list item\",\"type\":\"unordered-list-item\",\"depth\":0,\"inlineStyleRanges\":[],\"entityRanges\":[],\"data\":{}},{\"key\":\"24sp0\",\"text\":\"list item\",\"type\":\"unordered-list-item\",\"depth\":0,\"inlineStyleRanges\":[],\"entityRanges\":[],\"data\":{}},{\"key\":\"dtv2c\",\"text\":\"list item\",\"type\":\"unordered-list-item\",\"depth\":0,\"inlineStyleRanges\":[],\"entityRanges\":[],\"data\":{}},{\"key\":\"f6b8f\",\"text\":\"list item\",\"type\":\"unordered-list-item\",\"depth\":0,\"inlineStyleRanges\":[],\"entityRanges\":[],\"data\":{}}],\"entityMap\":{}}','http://res.cloudinary.com/eton-digital-ltd/image/upload/v1563362063/pledgr-tier/t6dmca1ctqveskrvnoba.png',NULL,NULL,NULL),(24,87,'Next level',10,'{\"blocks\":[{\"key\":\"23hfq\",\"text\":\"Example text\",\"type\":\"unstyled\",\"depth\":0,\"inlineStyleRanges\":[],\"entityRanges\":[],\"data\":{}}],\"entityMap\":{}}','http://res.cloudinary.com/eton-digital-ltd/image/upload/v1563362149/pledgr-tier/dsrx67cvcav8bwdno1ru.png',NULL,NULL,NULL),(25,89,'otimacina',650,'{\"blocks\":[{\"key\":\"2lt44\",\"text\":\"planovi su veliki\",\"type\":\"header-six\",\"depth\":0,\"inlineStyleRanges\":[{\"offset\":11,\"length\":6,\"style\":\"BOLD\"},{\"offset\":11,\"length\":6,\"style\":\"ITALIC\"},{\"offset\":11,\"length\":6,\"style\":\"UNDERLINE\"},{\"offset\":11,\"length\":6,\"style\":\"CODE\"}],\"entityRanges\":[],\"data\":{}}],\"entityMap\":{}}','http://res.cloudinary.com/eton-digital-ltd/image/upload/v1562320486/pledgr-tier/ll75pqppb9lw0dsfxexn.jpg',500,'2019-07-05 11:55:20','2019-07-05 11:55:20'),(26,89,'dzaba',100,'{\"blocks\":[{\"key\":\"2lt44\",\"text\":\"ni kod babe nema dzabe\",\"type\":\"header-one\",\"depth\":0,\"inlineStyleRanges\":[{\"offset\":7,\"length\":4,\"style\":\"BOLD\"},{\"offset\":12,\"length\":10,\"style\":\"UNDERLINE\"}],\"entityRanges\":[],\"data\":{}},{\"key\":\"3stcs\",\"text\":\"\",\"type\":\"header-six\",\"depth\":0,\"inlineStyleRanges\":[],\"entityRanges\":[],\"data\":{}}],\"entityMap\":{}}','http://res.cloudinary.com/eton-digital-ltd/image/upload/v1562591042/pledgr-tier/e67edswrnvvvpbp3vmer.jpg',0,'2019-07-05 12:15:32','2019-07-05 12:15:32'),(27,87,'Final level',20,'{\"blocks\":[{\"key\":\"2lt44\",\"text\":\"It used to be love, but it\'s over now\",\"type\":\"unstyled\",\"depth\":0,\"inlineStyleRanges\":[{\"offset\":0,\"length\":37,\"style\":\"BOLD\"}],\"entityRanges\":[],\"data\":{}}],\"entityMap\":{}}','http://res.cloudinary.com/eton-digital-ltd/image/upload/v1563366795/pledgr-tier/exhpwzdb91rqwisjcp00.png',NULL,'2019-07-09 13:05:50','2019-07-09 13:05:50'),(28,96,'My basic videos #1',9,'{\"blocks\":[{\"key\":\"93go9\",\"text\":\"Sed ut perspiciatis unde omnis iste natus error sit voluptatem accusantium doloremque laudantium, totam rem aperiam, eaque ipsa quae ab illo inventore veritatis et quasi architecto beatae vitae dicta sunt explicabo. \",\"type\":\"unstyled\",\"depth\":0,\"inlineStyleRanges\":[],\"entityRanges\":[],\"data\":{}}],\"entityMap\":{}}','http://res.cloudinary.com/eton-digital-ltd/image/upload/v1563270130/pledgr-tier/rzvrtkizqgnezexnnkaj.png',NULL,'2019-07-16 11:42:14','2019-07-16 11:42:14'),(29,96,'Some better tier',29,'{\"blocks\":[{\"key\":\"1ernn\",\"text\":\"Moderate videos\",\"type\":\"unstyled\",\"depth\":0,\"inlineStyleRanges\":[{\"offset\":0,\"length\":15,\"style\":\"BOLD\"}],\"entityRanges\":[],\"data\":{}}],\"entityMap\":{}}','http://res.cloudinary.com/eton-digital-ltd/image/upload/v1563272231/pledgr-tier/rqq1igumqqimifgccqkh.jpg',NULL,'2019-07-16 12:17:14','2019-07-16 12:17:14'),(30,97,'Daily Tarot Reading',53,'{\"blocks\":[{\"key\":\"erp9f\",\"text\":\"Get a simple yes or no answer with actionable advice\",\"type\":\"header-three\",\"depth\":0,\"inlineStyleRanges\":[{\"offset\":13,\"length\":9,\"style\":\"BOLD\"}],\"entityRanges\":[],\"data\":{}}],\"entityMap\":{}}','http://res.cloudinary.com/eton-digital-ltd/image/upload/v1563450619/pledgr-tier/yap5wxpyxo8fkidft0ub.jpg',NULL,'2019-07-18 13:50:26','2019-07-18 13:50:26'),(31,90,'13',13,'{\"blocks\":[{\"key\":\"amg5v\",\"text\":\"10\",\"type\":\"header-one\",\"depth\":0,\"inlineStyleRanges\":[{\"offset\":0,\"length\":2,\"style\":\"BOLD\"}],\"entityRanges\":[],\"data\":{}},{\"key\":\"cbtbn\",\"text\":\"11 \",\"type\":\"header-one\",\"depth\":0,\"inlineStyleRanges\":[{\"offset\":0,\"length\":3,\"style\":\"ITALIC\"},{\"offset\":0,\"length\":3,\"style\":\"BOLD\"}],\"entityRanges\":[],\"data\":{}},{\"key\":\"13l6g\",\"text\":\"12\",\"type\":\"header-three\",\"depth\":0,\"inlineStyleRanges\":[{\"offset\":0,\"length\":2,\"style\":\"UNDERLINE\"}],\"entityRanges\":[],\"data\":{}},{\"key\":\"1r3gs\",\"text\":\"13\",\"type\":\"header-six\",\"depth\":0,\"inlineStyleRanges\":[{\"offset\":0,\"length\":2,\"style\":\"CODE\"}],\"entityRanges\":[],\"data\":{}},{\"key\":\"ft12i\",\"text\":\"14\",\"type\":\"header-six\",\"depth\":0,\"inlineStyleRanges\":[{\"offset\":0,\"length\":2,\"style\":\"CODE\"}],\"entityRanges\":[],\"data\":{}},{\"key\":\"13ok6\",\"text\":\"14\",\"type\":\"header-six\",\"depth\":0,\"inlineStyleRanges\":[{\"offset\":0,\"length\":2,\"style\":\"CODE\"}],\"entityRanges\":[],\"data\":{}},{\"key\":\"a6s1o\",\"text\":\"\",\"type\":\"header-six\",\"depth\":0,\"inlineStyleRanges\":[],\"entityRanges\":[],\"data\":{}}],\"entityMap\":{}}',NULL,18,'2019-07-18 15:23:21','2019-07-18 15:23:21'),(32,101,'Basic 5',5,'{\"blocks\":[{\"key\":\"fug1l\",\"text\":\"This is short desc for Basic 5.\",\"type\":\"unstyled\",\"depth\":0,\"inlineStyleRanges\":[],\"entityRanges\":[],\"data\":{}},{\"key\":\"22l3c\",\"text\":\"Buy:)\",\"type\":\"unstyled\",\"depth\":0,\"inlineStyleRanges\":[],\"entityRanges\":[],\"data\":{}}],\"entityMap\":{}}','http://res.cloudinary.com/eton-digital-ltd/image/upload/v1563544137/pledgr-tier/bev9lodzo3e3iwdbqsdc.jpg',5,'2019-07-19 15:49:13','2019-07-19 15:49:13'),(33,102,'Solutions to pressing problems.',30,'{\"blocks\":[{\"key\":\"9kj1v\",\"text\":\"If you can demonstrate that you understand their pain and offer a believable solution, you will be hired. It’s that simple.\",\"type\":\"unstyled\",\"depth\":0,\"inlineStyleRanges\":[{\"offset\":11,\"length\":11,\"style\":\"BOLD\"},{\"offset\":66,\"length\":10,\"style\":\"BOLD\"},{\"offset\":54,\"length\":3,\"style\":\"ITALIC\"},{\"offset\":65,\"length\":58,\"style\":\"UNDERLINE\"}],\"entityRanges\":[],\"data\":{}}],\"entityMap\":{}}','http://res.cloudinary.com/eton-digital-ltd/image/upload/v1563794426/pledgr-tier/yjcmcsyqgrnsu8uuv0sa.jpg',NULL,'2019-07-22 13:20:32','2019-07-22 13:20:32'),(34,78,'Night makeup',10,'{\"blocks\":[{\"key\":\"5rp8f\",\"text\":\"If you’re looking for the best makeup (and we know you are), a good  place to start is with our bestsellers. Read thousands of reviews from  fellow makeup-lovers and find top rated products for your beauty  routine.\",\"type\":\"unstyled\",\"depth\":0,\"inlineStyleRanges\":[{\"offset\":58,\"length\":21,\"style\":\"BOLD\"},{\"offset\":156,\"length\":17,\"style\":\"BOLD\"},{\"offset\":108,\"length\":19,\"style\":\"UNDERLINE\"},{\"offset\":156,\"length\":17,\"style\":\"ITALIC\"}],\"entityRanges\":[],\"data\":{}}],\"entityMap\":{}}','http://res.cloudinary.com/eton-digital-ltd/image/upload/v1563804112/pledgr-tier/y1jmj32a7bmpsnkb0dwn.jpg',NULL,'2019-07-22 16:01:58','2019-07-22 16:01:58'),(35,78,'Natural makeup',15,'{\"blocks\":[{\"key\":\"86ibg\",\"text\":\"Whether you want a natural or dramatic look can depend heavily on your eye makeup\",\"type\":\"unstyled\",\"depth\":0,\"inlineStyleRanges\":[],\"entityRanges\":[],\"data\":{}}],\"entityMap\":{}}','http://res.cloudinary.com/eton-digital-ltd/image/upload/v1563804192/pledgr-tier/qz8z2qbolutc5ayt0c2n.jpg',NULL,'2019-07-22 16:03:22','2019-07-22 16:03:22'),(36,78,'Lips',20,'{\"blocks\":[{\"key\":\"14hkq\",\"text\":\"Last, but not least – don’t forgot those A more subdued look may only require some lipgloss or a shade that’s  closer to your skin tone. For fuller looking lips, make use of the right  lip liner and some plumping gloss.\",\"type\":\"unstyled\",\"depth\":0,\"inlineStyleRanges\":[{\"offset\":0,\"length\":219,\"style\":\"BOLD\"}],\"entityRanges\":[],\"data\":{}}],\"entityMap\":{}}',NULL,NULL,'2019-07-22 16:03:49','2019-07-22 16:03:49');
/*!40000 ALTER TABLE `tier` ENABLE KEYS */;
UNLOCK TABLES;

--
-- Table structure for table `tier_benefit`
--

DROP TABLE IF EXISTS `tier_benefit`;
/*!40101 SET @saved_cs_client     = @@character_set_client */;
/*!40101 SET character_set_client = utf8 */;
CREATE TABLE `tier_benefit` (
  `id` int(11) NOT NULL AUTO_INCREMENT,
  `tier_id` int(11) NOT NULL,
  `benefit` varchar(300) COLLATE utf8mb4_unicode_ci NOT NULL,
  `created_at` datetime DEFAULT NULL,
  `updated_at` datetime DEFAULT NULL,
  PRIMARY KEY (`id`),
  KEY `IDX_D37ACE35A354F9DC` (`tier_id`),
  CONSTRAINT `FK_D37ACE35A354F9DC` FOREIGN KEY (`tier_id`) REFERENCES `tier` (`id`) ON DELETE CASCADE
) ENGINE=InnoDB AUTO_INCREMENT=17 DEFAULT CHARSET=utf8mb4 COLLATE=utf8mb4_unicode_ci;
/*!40101 SET character_set_client = @saved_cs_client */;

--
-- Dumping data for table `tier_benefit`
--

LOCK TABLES `tier_benefit` WRITE;
/*!40000 ALTER TABLE `tier_benefit` DISABLE KEYS */;
INSERT INTO `tier_benefit` VALUES (11,25,'benefits are nice','2019-07-18 12:28:50','2019-07-18 12:28:50'),(12,25,'very nice','2019-07-18 12:28:50','2019-07-18 12:28:50'),(13,31,'benefit 1','2019-07-18 15:23:21','2019-07-18 15:23:21'),(14,31,'benefit 2','2019-07-18 15:23:21','2019-07-18 15:23:21'),(16,26,'small benefit','2019-07-22 09:45:34','2019-07-22 09:45:34');
/*!40000 ALTER TABLE `tier_benefit` ENABLE KEYS */;
UNLOCK TABLES;

--
-- Table structure for table `user_oauths`
--

DROP TABLE IF EXISTS `user_oauths`;
/*!40101 SET @saved_cs_client     = @@character_set_client */;
/*!40101 SET character_set_client = utf8 */;
CREATE TABLE `user_oauths` (
  `id` int(11) NOT NULL AUTO_INCREMENT,
  `user_id` int(11) DEFAULT NULL,
  `created_at` datetime DEFAULT '2018-01-01 00:00:00',
  `updated_at` datetime DEFAULT NULL,
  `provider` varchar(255) COLLATE utf8mb4_unicode_ci NOT NULL,
  `oauth_id` varchar(64) COLLATE utf8mb4_unicode_ci DEFAULT NULL,
  `oauth_token` varchar(191) COLLATE utf8mb4_unicode_ci DEFAULT NULL,
  `name` varchar(128) COLLATE utf8mb4_unicode_ci DEFAULT NULL,
  `first_name` varchar(64) COLLATE utf8mb4_unicode_ci DEFAULT NULL,
  `last_name` varchar(64) COLLATE utf8mb4_unicode_ci DEFAULT NULL,
  `email` varchar(60) COLLATE utf8mb4_unicode_ci DEFAULT NULL,
  `picture_url` varchar(191) COLLATE utf8mb4_unicode_ci DEFAULT NULL,
  PRIMARY KEY (`id`),
  KEY `IDX_E25108E7A76ED395` (`user_id`),
  CONSTRAINT `FK_E25108E7A76ED395` FOREIGN KEY (`user_id`) REFERENCES `users` (`id`) ON DELETE CASCADE
) ENGINE=InnoDB AUTO_INCREMENT=18 DEFAULT CHARSET=utf8mb4 COLLATE=utf8mb4_unicode_ci;
/*!40101 SET character_set_client = @saved_cs_client */;

--
-- Dumping data for table `user_oauths`
--

LOCK TABLES `user_oauths` WRITE;
/*!40000 ALTER TABLE `user_oauths` DISABLE KEYS */;
INSERT INTO `user_oauths` VALUES (1,23,'2019-04-15 16:23:38',NULL,'facebook','282726862643782','EAAEA1JyJUu0BAJurwije1Kzs3MFDolgrj1Xt21j7sZAMSpOlGAW2dyIgg34m2r7xmjZArETZB8VZA2zlrrvOXYPzNBqxpFH9UmX1ZBgiOK82haVZAdYQ2dwv6wCZCTvoBUPs7mZBZBncuTrmnMYAARyx9jZCo3jMERYUiIqYX3FifpkQZDZD','NovicaStevic EtonDigital','NovicaStevic','EtonDigital','novica.stevic@etondigital.com','https://platform-lookaside.fbsbx.com/platform/profilepic/?asid=282726862643782&height=200&width=200&ext=1557930218&hash=AeRMmC3yW7VjOjyg'),(2,25,'2019-04-16 10:12:46',NULL,'facebook','10155779046926266','EAAEA1JyJUu0BAECtBynmYXsQXZAlnF3Ff65JAYR5hu5DRVSgNO7BZAJTVyusm8xIYKXZAFiGON8sf2aCYFdurXhGYZBFIQoxBPTNZA4C1ChHIRszjgguZAnAtZAOoGGTWgFI5ydfH64tiGaTCiT2ulopWbD6jYQo7VicQrprt3Q5drzIVgrN54n','Nikola Jovanović','Nikola','Jovanović','jovanovic.nikola@gmail.com','https://platform-lookaside.fbsbx.com/platform/profilepic/?asid=10155779046926266&height=200&width=200&ext=1557994366&hash=AeTkwKmyPIUrdeuQ'),(6,34,'2019-04-16 15:20:09',NULL,'facebook','2209486622452594','EAAEA1JyJUu0BAJvZBaXhhPAoNXpEbJWYtzr8ZCxxpKcD7ynKK7Qbt2sexfCxZAZCeZCllo10JYeznmt1kxXbIuUsYiH5J1GbmKStnp4TPhIYhzx640aDCbJaNgtk3OCYpbB0o3kBqXxu44UmakLcOILlJyHzXaddcMLyo87cXDQZDZD','Dragan Jankovic','Dragan','Jankovic','drjanez04@yahoo.com','https://platform-lookaside.fbsbx.com/platform/profilepic/?asid=2209486622452594&height=200&width=200&ext=1558012809&hash=AeRHe8ueb7i--CoV'),(9,49,'2019-04-22 17:29:31',NULL,'facebook','102212057656351','EAAEA1JyJUu0BAP6RVEZClHabmdyYpePlgW24OKqog4gEkaf4KUZCi6uyqDZChdEpUhRBbVoNfIugAzXUKKS81KLeeYujFgAsGRY1Vyn3QDvOBuOBf2jDdHfFz0PeZC5TxZCLcsST1LQotUFfUG6LJCZC5O8BZBMMA250Uz9BVjaIxqoIrZAOmbZBZC','Stepos React','Stepos','React','stepos.react@gmail.com','https://platform-lookaside.fbsbx.com/platform/profilepic/?asid=102212057656351&height=200&width=200&ext=1558538970&hash=AeSmILpkLINseh9L'),(10,51,'2019-04-23 00:47:41',NULL,'facebook','10156081191277256','EAAEA1JyJUu0BAJUpWRgaqq7PDd7NOvbEdSbtwdW7p9EuVAZBvc2LXlUFnBhLbZA8U3dT0fSSSC6Tly1mdtEoiDhauarvhhH9MTZCNO9V6eZAxgKgEtvyHa1W1EdTrIlA2EIFIOYsMsouyNxgTy2Et1rbjjENojIZD','Sasa Mitrovic','Sasa','Mitrovic','smmitrovic@gmail.com','https://platform-lookaside.fbsbx.com/platform/profilepic/?asid=10156081191277256&height=200&width=200&ext=1558565260&hash=AeR5UN1-h8eMZGHk'),(12,54,'2019-05-09 11:43:15',NULL,'facebook','10157329889164759','EAAEA1JyJUu0BAFB0zKQA7XSOm9aWeRqdFPdlBl4RhUlZASsoF2jfYasCcblLjssxVKrQNhC5ZBxmfI8OycrdfGImqSEAUfdgI0MZBqIEMTsQn9MehMmEGAgzQipKisy1bHUtxiASuetBZALaJ78zcQ1jole0JxqZBHpAEa4ieZBgZDZD','Dusan Stojanovic','Dusan','Stojanovic','dooshan@gmail.com','https://platform-lookaside.fbsbx.com/platform/profilepic/?asid=10157329889164759&height=200&width=200&ext=1559986995&hash=AeQ5qjkShlgIoq3N'),(13,67,'2019-05-15 15:19:19',NULL,'facebook','10218765045174846','EAAEA1JyJUu0BAA8oXMWfyDL2h12ZClTbZB4sGD5l914GrZBLm61CuKVzj2WHF9MoPGIcVnoLo4JsqAyiIwUr38cZBUld2DHc8svavRcDaR7ZC0HgdXHA42WeoiTz9zGfO2Sd0sKAEXeD5XNrmPuytDEHOT8AkVq9RTlOki2Ox1gZDZD','Novica Stevic','Novica','Stevic','snovica@gmail.com','https://platform-lookaside.fbsbx.com/platform/profilepic/?asid=10218765045174846&height=200&width=200&ext=1560518358&hash=AeTcGRFiUVUxvkdJ'),(17,76,'2019-05-23 12:59:30',NULL,'facebook','390049841836466','EAAEA1JyJUu0BANccBo3DDOZA4Ue9mxbyNLTfmtfwxPN6i8Qu1G2eQHJZBZCzvYgQGFoqRQZBlmdpZBkFAPcLwqNZBOoRGecWV2hBjFkdZACNRf9pPzH4AVJW9cLX4EwKsAtGZBaJgHe2imx6U77fcXtRa3buDdx3kZCvQq34ndYtb5PlyZCHswZAQ30','Bily Mcqueen','Bily','Mcqueen','maja.kostic+bilymcqueen@etondigital.com','https://platform-lookaside.fbsbx.com/platform/profilepic/?asid=390049841836466&height=200&width=200&ext=1561201170&hash=AeS6F06YKQJgX8sV');
/*!40000 ALTER TABLE `user_oauths` ENABLE KEYS */;
UNLOCK TABLES;

--
-- Table structure for table `users`
--

DROP TABLE IF EXISTS `users`;
/*!40101 SET @saved_cs_client     = @@character_set_client */;
/*!40101 SET character_set_client = utf8 */;
CREATE TABLE `users` (
  `id` int(11) NOT NULL AUTO_INCREMENT,
  `email` varchar(60) COLLATE utf8mb4_unicode_ci NOT NULL,
  `password` varchar(64) COLLATE utf8mb4_unicode_ci NOT NULL,
  `active` tinyint(1) NOT NULL,
  `validated` tinyint(1) NOT NULL,
  `validated_at` datetime DEFAULT NULL,
  `validation_token` varchar(191) COLLATE utf8mb4_unicode_ci DEFAULT NULL,
  `reset_token` varchar(191) COLLATE utf8mb4_unicode_ci DEFAULT NULL,
  `created_at` datetime DEFAULT '2018-01-01 00:00:00',
  `updated_at` datetime DEFAULT NULL,
  `first_name` varchar(128) COLLATE utf8mb4_unicode_ci DEFAULT NULL,
  `last_name` varchar(128) COLLATE utf8mb4_unicode_ci DEFAULT NULL,
  `name` varchar(128) COLLATE utf8mb4_unicode_ci DEFAULT NULL,
  `is_admin` tinyint(1) NOT NULL,
  `is_creator` tinyint(1) NOT NULL DEFAULT '0',
  `slug` varchar(128) COLLATE utf8mb4_unicode_ci NOT NULL,
  `info` varchar(255) COLLATE utf8mb4_unicode_ci DEFAULT NULL,
  `img` varchar(191) COLLATE utf8mb4_unicode_ci DEFAULT NULL,
  `facebook_profile_url` varchar(191) COLLATE utf8mb4_unicode_ci DEFAULT NULL,
  `twitter_profile_url` varchar(191) COLLATE utf8mb4_unicode_ci DEFAULT NULL,
  `instagram_profile_url` varchar(191) COLLATE utf8mb4_unicode_ci DEFAULT NULL,
  `youtube_profile_url` varchar(191) COLLATE utf8mb4_unicode_ci DEFAULT NULL,
  `is_public_creator` tinyint(1) NOT NULL,
  PRIMARY KEY (`id`),
  UNIQUE KEY `UNIQ_1483A5E9E7927C74` (`email`),
  UNIQUE KEY `UNIQ_1483A5E9989D9B62` (`slug`),
  UNIQUE KEY `UNIQ_1483A5E9B724A428` (`validation_token`),
  UNIQUE KEY `UNIQ_1483A5E9D7C8DC19` (`reset_token`)
) ENGINE=InnoDB AUTO_INCREMENT=104 DEFAULT CHARSET=utf8mb4 COLLATE=utf8mb4_unicode_ci;
/*!40101 SET character_set_client = @saved_cs_client */;

--
-- Dumping data for table `users`
--

LOCK TABLES `users` WRITE;
/*!40000 ALTER TABLE `users` DISABLE KEYS */;
INSERT INTO `users` VALUES (16,'goran@etondigital.com','$2y$13$8HyjEybS.J6Cmnoo6Lnsh.y93TrszZermoZLFI91nUYN64rpJz3N6',1,1,NULL,'09af871a-26a7-4abb-adb6-77ee15cbbd4b','5ff6560b-0133-4d10-ab15-7563aa1682a3',NULL,'2019-06-22 08:32:25','Goran','Tosev',NULL,0,0,'goran-tosev','Short bio pa otishao test','http://res.cloudinary.com/eton-digital-ltd/image/upload/v1561185144/pledgr-avatar/gbxyer7m1pjqwlbihrtz.png','google.com','','instagram.com','',0),(17,'goran+1@etondigital.com','$2y$13$wJOJRC6SuWSTog26IwULJu8PS9.4PaQVtCLepCrd7jYqzG9UMRF3i',1,1,NULL,'6ece440c-d799-4af2-8d25-cd128d57c848',NULL,NULL,NULL,'goran','tosev',NULL,0,0,'goran-tosev-1',NULL,NULL,NULL,NULL,NULL,NULL,0),(18,'goran+2@gmail.com','$2y$13$62aW2HvFzYmhLdlf7w7kNeprlmFYhwzNi84v1mTCfH71wuFGLDDMi',1,1,NULL,'96e49418-a5dc-43cd-8d5c-6bf407d6667f',NULL,NULL,NULL,'Goran','Tosev',NULL,0,0,'goran-tosev-2',NULL,NULL,NULL,NULL,NULL,NULL,0),(21,'maja.kostic@etondigital.co','$2y$13$KjCzUrJKYJiMk6vK5wMUeOf4H32xAXKDjIMkn/oKMvOoIc5d8lxoe',1,1,NULL,'7d62a762-d353-4103-8017-fb2b15a87318',NULL,NULL,NULL,'Maja','Kostic',NULL,0,0,'maja-kostic-1',NULL,NULL,NULL,NULL,NULL,NULL,0),(22,'maja.kostic+1@etondigital.com','$2y$13$Q4/z36tIDM8Y./Gdi03V5eHlJ3i.n7LJ6x5yizzuuJbSPhMBokOo6',1,1,NULL,'349a549b-d4e7-49a0-bedd-132290b64bf1','5f1eb021-ee0a-4378-aaaa-c7227b145fb5',NULL,'2019-07-18 12:37:51','Only','One',NULL,0,0,'maja-1-kostic','On this view of life, everything which happens to us, even the smallest or seemingly most insignificant event, happens for some particular reason. ','http://res.cloudinary.com/eton-digital-ltd/image/upload/v1563446271/pledgr-avatar/vmfhi3b1qf0so91xz78g.jpg','','','','',0),(23,'novica.stevic@etondigital.com','$2y$13$27bK/LjkjRe9rWayS2RjcOP4Qix3wBggr4eEKntFdCSlY704eFB2i',1,1,'2019-04-15 16:23:38','a4823117-08ee-4ed0-aa7f-fd3fe9c17d8e','de9b7822-2cb2-4469-ba80-dc8c01cff92b',NULL,'2019-07-16 10:51:27','Novica','January','NovicaStevic EtonDigital',1,1,'novicastevic-etondigital','Short bio...','http://res.cloudinary.com/eton-digital-ltd/image/upload/v1559369516/pledgr-avatar/yqzvspchfsui4hop3low.png','https://facebook.com','https://twitter.com','https://instafram.com','https://youtube.com',1),(24,'nikola.jovanovic@etondigital.com','$2y$13$J1bMSykVV.rAx8YAP6oVReqlcDlSOp9rJhTC2ma2xNN5KeXej4keq',1,1,NULL,'7a4a50d8-425a-4a47-a108-10554246f989','43349c60-cb1c-4700-a688-6b0b51938a25',NULL,'2019-07-16 10:55:46','Nikola','Jovanovic',NULL,1,0,'nikola-jovanovic','This is a short biography','http://res.cloudinary.com/eton-digital-ltd/image/upload/v1557484362/pledgr-avatar/xn0vrrifckuiydugpzsd.jpg','https://www.facebook.com/novica.stevic',NULL,NULL,NULL,0),(25,'jovanovic.nikola@gmail.com','36d435b223a43abfbcf8dc5644257953731fc598',1,1,'2019-04-16 10:12:46','2da31240-e727-4502-9fab-614633706e69',NULL,NULL,NULL,'Nikola','Jovanović','Nikola Jovanović',0,0,'nikola-jovanovic-1',NULL,NULL,NULL,NULL,NULL,NULL,0),(28,'sandra.zivkovic@etondigital.com','$2y$13$XA3yzVZ/LP4NVbkGwWkWBOp/WQx0O9vpz4a86DlfQyoQl8fB3qObW',1,1,NULL,'5143e45e-d203-472e-bd3c-62d0e6723d5c','f879d531-0943-4e91-b58f-3390a64481b0',NULL,'2019-05-03 13:50:43','sandra','Zivkovic',NULL,0,0,'sandra-zivkovic','hahabuakfdgdg','http://res.cloudinary.com/eton-digital-ltd/image/upload/v1557850005/pledgr-avatar/chdebwchzvz7wxfxbycb.jpg','https://www.google.com','https://www.google.com','','',0),(29,'maja.kostic+felicity@etondigital.com','$2y$13$imDVpN7FvIHhCeTFGAf0MOFk5sHIR0qBAT5mlqleE3wGocBNDungC',1,1,NULL,'b34bf8e0-5807-49db-a669-c00a79863ead','918da58c-51f2-435a-b767-e30478171f82',NULL,'2019-07-18 12:39:10','Oggetto Bruno Yahoo Kameron Jenkins Cindy Krum','Porter',NULL,0,1,'felicity-porter','help iso legit psv sign iron of an jai if she isn\'t BC cm Leo if you gd FK HD hd truffle Harrell idiot us using Yorick call back badly or egg hunt ought HGH she high','http://res.cloudinary.com/eton-digital-ltd/image/upload/v1563446349/pledgr-avatar/pwepgjiawnuyp5dc1qqv.jpg','https://www.facebook.com','http://www.twitter.com','https://www.instagram.com','https://www.youtube.com',0),(30,'maja.kostic+perawoodpecker@etondigital.com','$2y$13$n7bpLLKbcBYqKhKTTOd.l.J7qsFEw/0DLVAPVZsyG6VeYXZKeY0f2',1,1,NULL,'d095d428-7553-4507-ae92-d27c047b2c01','',NULL,'2019-07-18 12:44:53','Pera','Woodpecker',NULL,0,1,'pera-woodpecker',NULL,'http://res.cloudinary.com/eton-digital-ltd/image/upload/v1563446692/pledgr-avatar/ti3jzeqgqecnuh4rqofa.jpg',NULL,NULL,NULL,NULL,0),(31,'maja.kostic+garyshoot@etondigital.com','$2y$13$EUHKlPFs0AsDWoCEitMIIuJ9aWgAjJlekx5IK5UWB2c45FuWKjTiy',1,1,NULL,'8b429cc7-5967-4016-8313-9336a14a46d1','a84be924-d30d-4938-9e8b-02aa30ccb271',NULL,'2019-07-18 12:41:38','Gary','Shoot',NULL,0,0,'gary-shoot',NULL,'http://res.cloudinary.com/eton-digital-ltd/image/upload/v1563446496/pledgr-avatar/gqrjjjiantszcxk1rlr8.jpg',NULL,NULL,NULL,NULL,0),(34,'drjanez04@yahoo.com','49313eac23ac11992900a73df07ae5a78b69de1c',1,1,'2019-04-16 15:20:09','f4e4ed0e-dacb-4480-bf9a-84cf21bfed3e',NULL,NULL,NULL,'Dragan','Jankovic','Dragan Jankovic',0,0,'dragan-jankovic',NULL,NULL,NULL,NULL,NULL,NULL,0),(35,'goran21@etondigital.com','$2y$13$tKQesmZwX4pXbOZD2c6CU.jfwJ8ok265yYZ7mY9sVaWZOaQyP/f5K',1,1,NULL,'d809ac1b-040a-47fb-b31a-47f084bf7f86',NULL,NULL,NULL,'Goran','Nuqratam',NULL,0,0,'goran-nuqratam',NULL,NULL,NULL,NULL,NULL,NULL,0),(37,'tgoxyster11@gmail.com','$2y$13$Gxlp3..Phd89lvt14Yud1.f1Gilheyd9lVGOiZ7qNIQZnvvMBb8mC',1,1,NULL,'d2ae55ba-005d-4328-9086-4b61ebc9a0be',NULL,NULL,NULL,'go','Tosev',NULL,0,0,'go-tosev',NULL,NULL,NULL,NULL,NULL,NULL,0),(38,'nikola.jovanovic+oak@etondigital.com','$2y$13$Vlimv0LUGlWMjRxXDTZsQe4QHB7Hj5GBuq8.sYWIDZU7VSLSGcSpC',1,1,NULL,'4937b0d1-8cbf-4477-a858-6e883dc12364','34554689-61cf-48b8-96ad-7c3e4996d539',NULL,'2019-05-28 11:33:53','Charles','Oakley',NULL,0,0,'charles-oakley','Basketball player','http://res.cloudinary.com/eton-digital-ltd/image/upload/v1557474603/pledgr-avatar/xjccvdjfdggyqqtgd2m2.jpg','www.facebook.com/JovanovicNikola',NULL,NULL,NULL,0),(39,'goran+22@etondigital.com','$2y$13$WrEXECU5Cwda6g8og8aoNeXt4KjYRdI2bYK6iDef0Hey59jVIUdxC',1,1,NULL,'0e7cfebf-f352-4748-9faf-6967ee134abe',NULL,NULL,NULL,'rrrrrr','rrrrr',NULL,0,0,'rrrrrr-rrrrr',NULL,NULL,NULL,NULL,NULL,NULL,0),(40,'gggggg@popu.com','$2y$13$mrzvEsk6r6GPj7Cbxg3rFe/qtGcwltfdpsVz9g531nlvrSFAFyjqW',1,1,NULL,'b6b57c12-d029-4c0d-9a30-53809333d6ef',NULL,NULL,NULL,'ghfhgfhg','ghhghvv',NULL,0,0,'ghfhgfhg-ghhghvv',NULL,NULL,NULL,NULL,NULL,NULL,0),(41,'goran+123@etondigital.com','$2y$13$gTiT/7ddxPY9XA52d7r5mOM8mJGacmvdCL1V0tsCVQalTCV0vUS9m',1,1,NULL,'a814e477-2cb3-451a-aed1-8dca9bc1dc2e',NULL,NULL,NULL,'Goran','Tosev',NULL,0,0,'goran-tosev-4',NULL,NULL,NULL,NULL,NULL,NULL,0),(43,'nikola.jovanovic+kitwiller@etondigital.com','$2y$13$LmBncBqBkOG5VqR6S.1DKus5jSxYYBlF3DobQNcOyrnLTETjS0dgm',1,1,NULL,'19e749d5-3391-4e08-a0c3-aa1051720140','0fbdd3dd-37f0-4db8-a06c-0caeda2c637e',NULL,'2019-05-28 09:23:03','Kit','Willer',NULL,0,0,'kit-willer',NULL,NULL,NULL,NULL,NULL,NULL,0),(46,'goran+237@etondigital.com','$2y$13$hJsd1p5N4zqHyNXAZhbNbuMJJ1ULmMHktUo32mZeNkD7Ctp9CbKy.',1,1,NULL,'e42fadb0-dcb0-411d-969a-b46a9a9c55b1',NULL,NULL,NULL,'Goran','Tosev',NULL,0,0,'goran-tosev-5',NULL,NULL,NULL,NULL,NULL,NULL,0),(47,'novica.stevic+10@etondigital.com','$2y$13$zXILkhgun1pPmjktAxs02O4T2wzWX2.Gwyh8oGNwXHRX6CVjagAFG',1,1,NULL,'09b584aa-d00b-486c-b8ff-9f85b50f65b1',NULL,NULL,NULL,'Novica','Stevic',NULL,0,0,'novica-stevic-2',NULL,NULL,NULL,NULL,NULL,NULL,0),(48,'snovica+1@gmail.com','$2y$13$mzZ026NOvprIsE/C.n.TGOugAUJinCf7GCZzwUM4dCPlhDGT1R/q6',1,1,NULL,'e1312bf4-892c-444d-884d-aa8b5794bbf0',NULL,NULL,NULL,'Novica','Stević',NULL,0,0,'novica-stevic-3',NULL,NULL,NULL,NULL,NULL,NULL,0),(49,'stepos.react@gmail.com','1c181bcc89c71024f0d4f5722a8efd6d67e618d3',1,1,'2019-04-22 17:29:30','93514c8e-86cb-428e-b1d9-164f2a48268a',NULL,NULL,NULL,'Stepos','React','Stepos React',0,0,'stepos-react',NULL,NULL,NULL,NULL,NULL,NULL,0),(50,'stepos@yahoo.com','$2y$13$L0BviCD8AfT6m1mWCH6KmO7/o1td50xVeYQopkiUCEoMHHhiX6vf6',1,1,NULL,'b95b8c3f-440b-46ef-92c1-f3d6ad4d5225',NULL,NULL,NULL,'Novica','Stepos',NULL,0,0,'novica-stepos',NULL,NULL,NULL,NULL,NULL,NULL,0),(51,'smmitrovic@gmail.com','4bce15197a008eaa62c460bf5a504acef2ff0975',1,1,'2019-04-23 00:47:41','cd1c2143-cf63-48e6-aec2-4fe886ee7de1',NULL,'2019-04-23 00:47:41','2019-07-02 12:58:26','Sasa','Mitrovic','Sasa Mitrovic',0,0,'sasa-mitrovic','','http://res.cloudinary.com/eton-digital-ltd/image/upload/v1562065106/pledgr-avatar/ytvqhae2t4gsqcwkmzgs.jpg','','','','',0),(53,'novica.stevic+apr@etondigital.com','$2y$13$Y8D8DxeG45HMTSrAkDftjemj7iG4t49s7XYXCWa4bhstPGRs2NaMK',1,1,NULL,'eab61c9e-2dcd-4b33-a6c6-faced50ba64b',NULL,'2019-04-30 10:57:40','2019-04-30 10:58:00','Novica','Stevic',NULL,0,0,'novica-stevic-4',NULL,NULL,NULL,NULL,NULL,NULL,0),(54,'dooshan@gmail.com','$2y$13$EEa.9NxWOdo8ANTr07kPt.duYv7Eaxvxr8isadbkklBaY3jTmANES',1,1,'2019-05-09 11:43:15','3a857ffe-8f14-4d6c-8827-8b48e41b25a3','fffff61d-ac5e-4434-b0a2-0763695f6e53',NULL,'2019-06-24 12:20:36','Dusan','Stojanovic','Dusan Stojanovic',0,1,'dusan-stojanovic',NULL,NULL,NULL,NULL,NULL,NULL,0),(55,'dusan+pledgr01@etondigital.com','$2y$13$jlbY26JD5pmHbR2lNJ40.uT.OK9mLF0mLt0WXevtH0MOO2NtyXVsm',1,1,NULL,'737e9621-53a0-41c3-b8d5-1dd1015266f7','e542788a-a3ff-494f-ba70-42ab87b18568',NULL,'2019-06-24 13:37:28','Dusan','Stojanovic',NULL,1,0,'dusan-stojanovic-1','Just a normal guy','http://res.cloudinary.com/eton-digital-ltd/image/upload/v1558871908/pledgr-avatar/yhycpxfg5hnwsfcdun5c.jpg','https://www.facebook.com/dusanstojanovic','','https://www.instagram.com/stdusan/','',0),(56,'novica.stevic+test123132@etondigital.com','$2y$13$EanyPduCKBZZUAiIxVq60OJEnxMUDYnC3GGhENpeA9fKKeyF7K5GW',1,1,NULL,'9fad63af-1b68-4d86-a47d-a49e59de6dac',NULL,NULL,NULL,'Novica','Test',NULL,0,0,'novica-test',NULL,NULL,NULL,NULL,NULL,NULL,0),(58,'novica.stevic+001@etondigital.com','$2y$13$keIRJYZvjtkZXFJ0Y60jNuaVbEp48IKuvlBWj/YHIDTT3CMK0a8xi',1,1,NULL,'8f56c02c-39b8-42bd-98b7-56ac425560bd',NULL,NULL,NULL,'Novica','Stevic',NULL,0,0,'novica-stevic',NULL,NULL,NULL,NULL,NULL,NULL,0),(59,'novica.stevic+1@etondigital.com','$2y$13$vdlEizfK55F/e5MlerOEBOVRLXH3JDbvUD4ZIaQs/eRppMm1dBB6i',1,1,NULL,'87201bb3-00f2-41af-a33c-985fc76945b9',NULL,NULL,'2019-06-18 08:12:13','Novica','Stevic',NULL,1,1,'novica-stevic-5',NULL,NULL,NULL,NULL,NULL,NULL,0),(60,'novica.stevic+2@etondigital.com','$2y$13$4/GUQJ.974c5eE5Digr4weuYtQiZnIJ47wm1MwzxlY.bPnoNFmIJG',1,1,NULL,'a4ed5bb0-a816-4c06-9e4f-b0de97d1d12c',NULL,NULL,NULL,'Novica','Stevic',NULL,0,0,'novica-stevic-6',NULL,NULL,NULL,NULL,NULL,NULL,0),(62,'novica.stevic+test100@etondigital.com','$2y$13$hbtkaWjBJbAFS7d8VkHZkeM09InsuyjVwtVBQgwutotqGAjOIJdGC',1,1,NULL,'51de2f62-8597-4096-b639-b77f44512a73',NULL,NULL,NULL,'Novica1','Test',NULL,0,0,'novica-test-1','',NULL,NULL,NULL,NULL,NULL,0),(63,'goran12@etondigital.com','$2y$13$g5GyMCy8t6E5Fapko.fGzurIo.jt.ciGbzdpWy9hRyvFLkLZVltrO',1,1,NULL,'b32e9719-b367-49d1-b639-f7bb74d0a07a',NULL,NULL,NULL,'Goran','Tosev',NULL,0,0,'goran-tosev-6',NULL,NULL,NULL,NULL,NULL,NULL,0),(64,'ionite@protonmail.com','$2y$13$vyVmiNhjPW5L1qpQs5FiJuzVuJgvY4FXfFZJRQ4ZYv2UeIsPMID5y',1,1,NULL,'fe3193d8-908f-46c8-bb0d-5ec5904096d0',NULL,NULL,'2019-05-28 15:34:18','Sammy','Wang',NULL,0,0,'sammy-wang','Test bio',NULL,'https://www.facebook.com/test','','','',0),(65,'novica.stevic+monday@etondigital.com','$2y$13$WmcQ32rLyQiPcyGcByV/2O4oAvpOSXjmKQ3vytU872/L7bGKeZ6ly',1,1,NULL,'dee27306-6972-4d96-b6ee-052288de7c4b',NULL,NULL,NULL,'Novica','Stevic',NULL,0,0,'novica-stevic-7',NULL,'http://res.cloudinary.com/eton-digital-ltd/image/upload/v1557737205/pledgr-avatar/uq6deamthluq8poenppc.jpg',NULL,NULL,NULL,NULL,0),(66,'novica.stevic+admin@etondigital.com','$2y$13$vTx7sbxOgun1.gry/BPJd.UgPkUeTsPytFPwI//dQPnb7tg1Ge3G2',1,1,NULL,'dcbf0e0f-245e-4322-994c-0ba98fe770fb','4021374b-6f9d-4d0b-8f60-c921c4140fbe',NULL,NULL,'Novica','Admin',NULL,0,0,'novica-admin',NULL,NULL,NULL,NULL,NULL,NULL,0),(67,'snovica@gmail.com','ec306bbe0ba253fc90165f84c9cc581131b385b9',1,1,'2019-05-15 15:19:19','7c0a9ca2-f7aa-44df-ab8e-d70de4f3bafb',NULL,NULL,NULL,'Novica','Stevic','Novica Stevic',0,0,'novica-stevic-1','','http://res.cloudinary.com/eton-digital-ltd/image/upload/v1558030003/pledgr-avatar/nr5ze2d5kzuh5ondycjd.jpg','','','','',0),(71,'maja.kostic+angieselman@etondigital.com','$2y$13$R605RM7TvZgV7DRrWxEJXOoGeQxNuSROImr3RwhGYuNewZVCXwerG',1,1,NULL,'3975e6bc-67a7-415b-bbd0-d319857c7d5f',NULL,NULL,NULL,'ANGIE','SELMAN',NULL,0,0,'angie-selman','','http://res.cloudinary.com/eton-digital-ltd/image/upload/v1558013390/pledgr-avatar/jy7ualmsghen5zih3zd1.svg','','89','','',0),(72,'dragan.jankovic@etondigital.com','$2y$13$LpPUqW3GUD/KXM0duKMmSuCHFdmo2H7ucjzu3R.cqfSEg7eyoh0n2',1,1,NULL,'4bb46144-df53-4b08-9f93-ee1bd2502bf8',NULL,NULL,NULL,'Dragan','Jankovic',NULL,0,0,'dragan-jankovic-1',NULL,NULL,NULL,NULL,NULL,NULL,0),(73,'sandra.zivkovic+1@etondigital.com','$2y$13$zoqvhi6CaQ8JwmI7.a9PXeRKPCz7Qbwh1/eg7ivkCsrEoBwqqT8o6',1,1,NULL,'340886a0-693b-4236-978b-8c85a81b99dd',NULL,NULL,'2019-06-18 09:43:04','Sandra','Zivkovic',NULL,1,1,'sandra-zivkovic-1',NULL,NULL,NULL,NULL,NULL,NULL,0),(74,'dooshans@gmail.com','$2y$13$y3Cx5tEyfbEBjmKss0Mc0.XhVgl0G3l.lsicKGR39HnHrQynMYZQy',1,0,NULL,'4fe854c4-efaa-4f79-b0b5-215fd850d9df',NULL,NULL,NULL,'asdasdasdasdasdasdadadad','asdasdasasdasdaasdasdasdasdasdasdasdasda',NULL,0,0,'asdasdasdasdasdasdadadad-asdasdasasdasdaasdasdasdasdasdasdasdasda',NULL,NULL,NULL,NULL,NULL,NULL,0),(75,'maja.kostic@etondigital.com','$2y$13$xOy5euH317AkuIGtzcYC/uhfzXnq.RuoFEv6c0v3JLc/wKJeSAQFu',1,1,NULL,'9a8f996c-5f0e-4b3f-adfd-5f7e5b18780a',NULL,NULL,'2019-07-22 15:36:31','Maja','Kostic',NULL,1,0,'maja-kostic','https://www.facebook.com','http://res.cloudinary.com/eton-digital-ltd/image/upload/v1563446242/pledgr-avatar/hefb1ujjteduz4oldzgz.jpg','http://www.colwords.com/','http://www.colwords.com/','http://www.colwords.com/','http://www.colwords.com/',0),(76,'maja.kostic+bilymcqueen@etondigital.com','e96d5f8c3da5f90a78b8611371dd1ecfc043d643',1,1,'2019-05-23 12:59:30','5923e16e-f6f4-4e1e-b348-c928c7555d2d',NULL,NULL,'2019-05-28 09:42:45','Bily','Mcqueen','Bily Mcqueen',0,0,'bily-mcqueen','','http://res.cloudinary.com/eton-digital-ltd/image/upload/v1559029363/pledgr-avatar/pqymkd8ahokxfuex00cs.jpg','','https://twitter.com/','','https://www.youtube.com/watch?v=8TiR_gJTdl0',0),(77,'novica.stevic+stepos@etondigital.com','$2y$13$CmNsvoK9smhhutLTpel3ReaE4LYfCbntVaEaLh1KeZweuKudfPmGO',1,1,NULL,'86450e9e-04d6-47eb-a6ca-b1296d27db03',NULL,'2019-05-27 13:34:55','2019-05-27 13:35:37','Novica','Stepos',NULL,0,0,'novica-stepos-1',NULL,NULL,NULL,NULL,NULL,NULL,0),(78,'maja.kostic+lorenatrinidad@etondigital.com','$2y$13$JAi.p78bJsw2ooRv2DCqneRRS6358HmNzAIkX5JdhKMh5d21Tuky.',1,1,NULL,'a00084a5-50e1-4be3-b3a8-71f1cf6bee91',NULL,'2019-05-27 14:44:03','2019-07-11 12:22:56','Lorena','Trinidad',NULL,0,1,'lorena-trinidad','type type type tyeijdioiosdjfiosd ajdiosjfiosdjfiojsdo fidsjfijsfid hfduhfdshfhds fhisdfudhfuhsf uhfuhsdufih dhdu huidsh fuhdsu hdsu hfsduih uidh uidshf uidsh fusduf hsduihf usdh fuhfudfduihfdihfuhh','http://res.cloudinary.com/eton-digital-ltd/image/upload/v1558965831/pledgr-avatar/blc5iretxpnvpl0woutw.jpg','','','','',0),(79,'nikola.jovanovic+kramer@etondigital.com','$2y$13$K5rRU01Az2ZEDMvFc5703u1GUzjDkyZkgse9tOd.gtT2AfjGbi6f.',1,1,NULL,'218ff365-57a0-4b34-8ba3-0d92fb5202e1',NULL,'2019-05-28 09:45:00','2019-05-28 09:47:45','Cosmo','Kramer',NULL,0,1,'cosmo-kramer','The character is loosely based on comedian Kenny Kramer, Larry David\'s ex-neighbor across the hall. ',NULL,'','','','',0),(80,'nikola.jovanovic+costanza@etondigital.com','$2y$13$APTQRVNsNY76Ooik8C2xBujPSHQUkG0CzCKAsu8YSG6BhtT6geE2u',1,1,NULL,'cfa4e3bc-6d7b-4cd0-bc02-c7eb8b6d1c2e',NULL,'2019-05-28 12:04:50','2019-05-28 12:11:30','George','Costanza',NULL,0,1,'george-costanza','Marine biologist',NULL,'','','','',0),(81,'novica.stevic+16@etondigital.com','$2y$13$bRAYZU3CB900Vo9K/B0Xwe7IVAdc1YJYdcI6STt9KrUcEYCDstvyy',1,1,NULL,'4f6840b9-079b-42d8-b22b-6f5fb28f88dc',NULL,'2019-06-05 16:40:44','2019-06-05 16:40:54','Novica','Sixteen',NULL,0,0,'novica-sixteen',NULL,NULL,NULL,NULL,NULL,NULL,0),(82,'novica.stevic+60@etondigital.com','$2y$13$s53Ceo02uYBiXk/UR5jpFu2uHwsP/1MRg18wjK9yuWGiAx4cNz1zu',1,1,NULL,'7ef52922-6acf-4215-bb92-9953fd48b6d1',NULL,'2019-06-13 10:19:19','2019-06-13 10:24:59','Novica','Sixty',NULL,0,1,'novica-sixty',NULL,NULL,NULL,NULL,NULL,NULL,1),(83,'novica.stevic+61@etondigital.com','$2y$13$0.Ag047kpGg3RVOV9AKseu9fpLxdpZLCYbBLL4SQP1du16e5yBRcm',1,1,NULL,'c3678f8d-5b98-46f3-bae2-c3818443bb31',NULL,'2019-06-13 10:27:54','2019-06-13 10:32:09','Novica','Sixtyone',NULL,0,1,'novica-sixtyone',NULL,NULL,NULL,NULL,NULL,NULL,0),(84,'novica.stevic+62@etondigital.com','$2y$13$a/UIGF.v8iS2bdS/RN/6s.qF4NYl4Pyvwzl/JJWRSp50/s2L036Q6',1,1,NULL,'baaaa650-2c26-49a0-9eda-27b2459505f6',NULL,'2019-06-13 10:37:59','2019-06-13 10:39:06','Novica','Sixtytwo',NULL,0,1,'novica-sixtytwo',NULL,NULL,NULL,NULL,NULL,NULL,0),(85,'nikola.jovanovic+zagor@etondigital.com','$2y$13$O9Aie8t04cCxjIUIcFbMoucz.P6T0DaUJrD9Gg.j.qbVdUOUpVjku',1,1,NULL,'ec7d05a9-8e8a-430e-aeb9-ef9e55497b16',NULL,'2019-06-18 08:28:18','2019-06-18 08:29:03','Patrick','Wilding',NULL,0,1,'patrick-wilding',NULL,NULL,NULL,NULL,NULL,NULL,0),(86,'maja.kostic+anudaila@etondigital.com','$2y$13$VLwUru80jZd74uv4LKrh9eD74X5VV2ULdgqYJzUxVb9VWKm2EuaT2',1,1,NULL,'fc34301c-6422-49bb-a1b8-7e2979c8f6b8','f36f0f36-0e83-4308-988c-3201ce019428','2019-06-18 16:26:51','2019-07-18 12:38:33','Anu','Daila',NULL,0,1,'anu-daila','Introduce your company. Briefly describe your business and the services and/or products you offer. If your business is already established, state how long you have been in business and ','http://res.cloudinary.com/eton-digital-ltd/image/upload/v1563446311/pledgr-avatar/henvclqppkzhjc1ayvhj.jpg','https://www.facebook.com/bily.mcqueen.3','https://twitter.com/','https://www.instagram.com/','https://www.youtube.com/watch?v=mKU-Tk9f6Hw',0),(87,'nikola.jovanovic+groucho@etondigital.com','$2y$13$UExqlWHzE7PN3D9NCD3LTOikJGlUq/YTjHCYDLw8OBiOMlA/Bm0.y',1,1,NULL,'3e17356b-0292-4831-a123-bdb057eb7806',NULL,'2019-06-20 08:08:16','2019-07-16 15:02:50','Groucho','Marx',NULL,0,1,'groucho-marx','Educational process and the passion and modern borneans 14 a modern sentiment is.','http://res.cloudinary.com/eton-digital-ltd/image/upload/v1563280270/pledgr-avatar/yi9e0pbav3zsmvwzxqtf.jpg','','','','',1),(88,'dusan+pledgr02@etondigital.com','$2y$13$MDjXZIHsDPzgptRPjIA37.A6CbyxUDun8586oTFAtjVRNLTlsG75K',1,1,NULL,'671a45db-8a05-4672-a5d6-795a8231636d',NULL,'2019-06-25 16:16:44','2019-06-25 16:21:12','Dusan','Stojanovic',NULL,0,0,'dusan-stojanovic-2','Lorem ipsum dolor sit amet, consectetur adipiscing elit, sed do eiusmod tempor incididunt ut labore et dolore magna aliqua. Aliquam sem fringilla ut morbi tincidunt augue interdum velit.','http://res.cloudinary.com/eton-digital-ltd/image/upload/v1561472471/pledgr-avatar/njjq5ankg7bkgmpz2qum.jpg','https://www.facebook.com/dusanstojanovic','','','',0),(89,'milan.kitanovic+gost@etondigital.com','$2y$13$YpAcDQBmpfxzylx8/uDDeO7gdDf0ema2alRcia0dBwjRsbUysmhAq',1,1,NULL,'57cb2b02-0f1b-49c7-8a5b-fb1eb2c40805',NULL,'2019-07-05 11:05:44','2019-07-18 11:02:11','milan','kitanovic',NULL,1,1,'milan-kitanovic','hihehuho','http://res.cloudinary.com/eton-digital-ltd/image/upload/v1563440530/pledgr-avatar/fuvnv0ngicoavphj4rk5.jpg','','','','',1),(90,'milan.kitanovic+gost1@etondigital.com','$2y$13$xL1RDhez34MslCWdOBgHeeBQq.clRyrrd8H/KavvT24JrgMWk8QS2',1,1,NULL,'92841447-3ae4-40d1-a54a-4c61a8aeb234',NULL,'2019-07-05 13:51:02','2019-07-19 09:13:28','milanlan','kitanovicic',NULL,0,1,'milanlan-kitanovicic','bio bio',NULL,'','','','',1),(91,'milan.kitanovic+gost2@etondigital.com','$2y$13$6wg7R.2t39tCDmoxh6nY/u97Vv1j8u5Qi6P06KcuOF5y52awYyGYe',1,1,NULL,'ac956482-588c-4059-93ee-db6bcdc2e499',NULL,'2019-07-05 13:54:24','2019-07-05 13:56:19','milanlan','kitanovicic',NULL,0,0,'milanlan-kitanovicic-1',NULL,NULL,NULL,NULL,NULL,NULL,0),(92,'dragan.jankovic+1@etondigital.com','$2y$13$mSeea7oJSBVGFNFf91XFX.eU9NAq.s1McXJP68aAtU6GpL8ilfCpK',1,0,NULL,'622eab5e-c55a-47fd-91e7-d1e264d9b0f2',NULL,'2019-07-09 13:04:07',NULL,'Dragan','Jankovic',NULL,0,0,'dragan-jankovic-2',NULL,NULL,NULL,NULL,NULL,NULL,0),(93,'dragan.jankovic+2@etondigital.com','$2y$13$VpVVHnEkfrMgNc8dKtyu4uPmLPXrAw4DpEE6hwHTQg10f2y72FLs.',1,0,NULL,'b0e13ebc-3c82-42e0-92ae-d64dbb755926',NULL,'2019-07-09 13:04:08',NULL,'Dragan','Jankovic',NULL,0,0,'dragan-jankovic-3',NULL,NULL,NULL,NULL,NULL,NULL,0),(94,'maja.kostic+jonathanpaul@etondigital.com','$2y$13$Q.Tn44qDJnkThJgXZCdO.e.o2U3bWp/qOkBsUnKs2gn2Vdv6V70yS',1,1,NULL,'00788449-5094-4053-90cc-57eaf0c3d628','47b6dbae-1e92-4dbc-a241-7ba06e0197c9','2019-07-11 13:39:54','2019-07-22 13:41:36','jonathan','paul',NULL,0,0,'jonathan-paul',NULL,'http://res.cloudinary.com/eton-digital-ltd/image/upload/v1563448412/pledgr-avatar/glcgflo3ytui6nqoy3y6.jpg',NULL,NULL,NULL,NULL,0),(95,'sandra.zivkovic+2@etondigital.com','$2y$13$421A.3qSk.ZIF324t129lOa3FKAqnNhYWOrHyHYU8Ec47qhhEjv5.',1,1,NULL,'656b7e82-4b06-47b3-83ba-a21975e45760',NULL,'2019-07-11 14:47:52','2019-07-11 14:49:36','Sandra2','Zivkovic',NULL,0,0,'sandra2-zivkovic',NULL,NULL,NULL,NULL,NULL,NULL,0),(96,'nikola.jovanovic+charliekelly@etondigital.com','$2y$13$UhbxP301uE5c6t2LFPPO4OggtoyJfDWMreNp2tV3nbbTcPRBpVGdu',1,1,NULL,'38314583-4e66-4b18-b17a-6fe7bb222f4c',NULL,'2019-07-16 11:36:40','2019-07-16 11:44:17','Charlie','Kelly',NULL,0,1,'charlie-kelly',NULL,NULL,NULL,NULL,NULL,NULL,1),(97,'maja.kostic+kyrasun@etondigital.com','$2y$13$DXvbtalatwDiiBApbaakSu8U/vTXnFF3igY4qgRLjl6CgUszolT9e',1,1,NULL,'e4499b48-282d-4c27-8894-2810d7d6a4dd',NULL,'2019-07-17 15:20:13','2019-07-18 13:49:06','Kyra','Sun',NULL,0,1,'kyra-sun','On this view of life, everything which happens to us, even the smallest or seemingly most insignificant event, happens for some particular reason. ','http://res.cloudinary.com/eton-digital-ltd/image/upload/v1563450545/pledgr-avatar/lcykzlk0a1yfwowwxlh7.jpg','','','','',0),(99,'milan.kitanovic+gost3@etondigital.com','$2y$13$n9iA3hXuPUKTzXxJL8jPfedS1EjpAP80USy99//NAw35S9fPPngHi',1,1,NULL,'5c78a8b3-7544-461a-8833-c9c82484bcf0',NULL,'2019-07-18 11:50:51','2019-07-18 11:58:45','m','m',NULL,0,0,'m-m',NULL,NULL,NULL,NULL,NULL,NULL,0),(100,'sandra.zivkovic+3@etondigital.com','$2y$13$1SurtAUqhqcT9phxGt99x.g.fnOXH14fJzhVLfBfZ5oTMg39s.Efi',1,0,NULL,'3b10a7b0-1e8f-411d-b7f5-849633b2b525',NULL,'2019-07-18 23:00:58',NULL,'sandra','zivkovic',NULL,0,0,'sandra-zivkovic-2',NULL,NULL,NULL,NULL,NULL,NULL,0),(101,'novica.stevic+1000@etondigital.com','$2y$13$03U6XUgaF1yife.rlEQgMOl/CRqUYa/iygHVpU7Mr7Olp4xFi3iny',1,1,NULL,'5cf32052-3c88-484b-be9f-b77c29ed07a9',NULL,'2019-07-19 12:21:57','2019-07-19 14:57:04','Novica','Thousand',NULL,0,1,'novica-thousand',NULL,'http://res.cloudinary.com/eton-digital-ltd/image/upload/v1563540848/pledgr-avatar/ztuhdjyztyrshliwuhzs.jpg',NULL,NULL,NULL,NULL,1),(102,'maja.kostic+francisco@etondigital.com','$2y$13$NsE5pghyXsetzC.NKI8IwuthXoxq6smJ.KLBd.Spr4bymM2Vw9/DK',1,1,NULL,'94a182ae-cce1-493f-8dfe-16444a1f24c3',NULL,'2019-07-22 13:03:48','2019-07-22 13:16:32','Francisco Rafael','Gonzalez Cortés',NULL,0,1,'francisco-rafael-gonzalez-cortes',NULL,'http://res.cloudinary.com/eton-digital-ltd/image/upload/v1563793614/pledgr-avatar/h9aaelfwk2lhv43gafys.jpg',NULL,NULL,NULL,NULL,0),(103,'milos.ilic@etondigital.com','$2y$13$ZlB70hikVrTSAy7yIrnSMuh5.irabwR0nLWLSMUiflDHxOpfLf1QW',1,1,NULL,'9181910b-15da-49a6-95cf-1bee17f33c0a',NULL,'2019-07-23 10:06:12','2019-07-23 10:06:37','Milos','Ilic',NULL,0,0,'milos-ilic',NULL,NULL,NULL,NULL,NULL,NULL,0);
/*!40000 ALTER TABLE `users` ENABLE KEYS */;
UNLOCK TABLES;

--
-- Table structure for table `users_deleted`
--

DROP TABLE IF EXISTS `users_deleted`;
/*!40101 SET @saved_cs_client     = @@character_set_client */;
/*!40101 SET character_set_client = utf8 */;
CREATE TABLE `users_deleted` (
  `id` int(11) NOT NULL AUTO_INCREMENT,
  `first_name` varchar(60) COLLATE utf8mb4_unicode_ci DEFAULT NULL,
  `last_name` varchar(60) COLLATE utf8mb4_unicode_ci DEFAULT NULL,
  `email` varchar(191) COLLATE utf8mb4_unicode_ci DEFAULT NULL,
  `removedAt` datetime DEFAULT NULL,
  `removedBy` varchar(120) COLLATE utf8mb4_unicode_ci DEFAULT NULL,
  PRIMARY KEY (`id`)
) ENGINE=InnoDB AUTO_INCREMENT=11 DEFAULT CHARSET=utf8mb4 COLLATE=utf8mb4_unicode_ci;
/*!40101 SET character_set_client = @saved_cs_client */;

--
-- Dumping data for table `users_deleted`
--

LOCK TABLES `users_deleted` WRITE;
/*!40000 ALTER TABLE `users_deleted` DISABLE KEYS */;
INSERT INTO `users_deleted` VALUES (1,'Novica','Deleted','novica.stevic+deleted@etondigital.com','2019-05-10 17:39:59','himself'),(2,'dfgsdf','fds','maja.kostic+2@etondigital.com','2019-05-15 15:00:52','himself'),(3,'Novica','Stevic','snovica@gmail.com','2019-05-15 15:18:48','himself'),(4,'Bily','Mcqueen','maja.kostic+bilymcqueen@etondigital.com','2019-05-16 10:27:32','himself'),(5,'Bily','Mcqueen','maja.kostic+bilymcqueen@etondigital.com','2019-05-16 10:28:15','himself'),(6,'Bily','Mcqueen','maja.kostic+bilymcqueen@etondigital.com','2019-05-16 10:29:11','himself'),(7,'Bily','Mcqueen','maja.kostic+bilymcqueen@etondigital.com','2019-05-16 10:39:57','himself'),(8,'Dragan','Jankovic','dragan.jankovic@etondigital.com','2019-05-16 13:42:19','himself'),(9,'PabloDiego oséFranciscodePaula','Crispiniano de la Santísima Trinidad Ruiz y Picasso','maja.kostic@etondigital.com','2019-05-23 10:53:09','himself'),(10,'m','m','milan.kitanovic+gost3@etondigital.com','2019-07-18 11:49:30','himself');
/*!40000 ALTER TABLE `users_deleted` ENABLE KEYS */;
UNLOCK TABLES;
/*!40103 SET TIME_ZONE=@OLD_TIME_ZONE */;

/*!40101 SET SQL_MODE=@OLD_SQL_MODE */;
/*!40014 SET FOREIGN_KEY_CHECKS=@OLD_FOREIGN_KEY_CHECKS */;
/*!40014 SET UNIQUE_CHECKS=@OLD_UNIQUE_CHECKS */;
/*!40101 SET CHARACTER_SET_CLIENT=@OLD_CHARACTER_SET_CLIENT */;
/*!40101 SET CHARACTER_SET_RESULTS=@OLD_CHARACTER_SET_RESULTS */;
/*!40101 SET COLLATION_CONNECTION=@OLD_COLLATION_CONNECTION */;
/*!40111 SET SQL_NOTES=@OLD_SQL_NOTES */;

-- Dump completed on 2019-08-08 12:11:54
